id,name,country_id
1444,Kefallinia,85
167,Western,4
1562,Dabola,92
753,Jiangxi,44
1047,Bur Sa''id,64
161,al-Wad,3
219,La Rioja,10
2804,Cordillera,171
2317,Perak,132
339,Barguna,18
240,Syunik,11
1925,Fukushima,109
7,Chhattisgarh,101
4024,Barinas,237
569,Targovishte,33
1002,San Cristobal,61
2595,Overijssel,155
2483,Bajanhongor,146
535,Roraima,30
2034,Teraina,114
1393,Sachsen,82
3117,Saint David,187
2604,Auckland,157
1578,Lola,92
686,Bamingui-Bangoran,41
1700,Ardabil,103
3514,Mbeya,216
2147,Valmieras,120
75,Bulqize,2
1885,Teramo,107
3829,Derby,230
1321,Tubuai,77
3979,United States Minor Outlying I,232
3216,Makira and Ulawa,200
1893,Umbria,107
2314,Negeri Sembilan,132
1563,Dalaba,92
2883,Pruszkow,175
3842,England,230
2163,Maseru,122
2998,Hanty-Mansija,181
2585,Amsterdam,155
2486,Dornod,146
1821,Calabria,107
1669,Banten,102
3655,Tawzar,222
97,Mat,2
2128,Jelgavas,120
2994,Evenkija,181
2392,Utrik,137
796,Narino,47
1298,Sophia Antipolis,75
3454,Zug,212
3341,North Western Province,206
775,Amazonas,47
1981,Ma''an,111
41,West Bengal,101
147,Tilimsan,3
1065,al-Gharbiyah,64
3977,Wisconsin,231
1207,Centre,75
3249,Table View,202
927,Pardubicky,57
1404,Eastern,83
3352,kadawatha,206
2913,Florida,177
2548,Sagaing,150
2828,Moquegua,172
1642,Csongrad,99
3940,Lowa,231
2491,Hentij,146
1875,Roma,107
2970,Suceava,180
641,Krong Preah Sihanouk,36
2207,Balzers,125
3120,A''ana,188
516,Bahia,30
2095,Issyk-Kul,118
3372,al-Bahr-al-Ahmar,207
2292,Mchinji,131
3050,Sahalin,181
945,Hovedstaden,58
1111,Parnu,68
3891,Shropshire,230
3146,Al Khobar,191
2681,Taraba,160
2745,Sonsorol,167
1462,Preveza,85
1359,Berlin,82
297,Ganca,15
714,Ouaddai,42
3968,Sublimity,231
2426,Pamanzi,141
1034,Los Rios,63
2788,Oro,170
4021,Anzoategui,237
2763,Bocas del Toro,169
3157,Qasim,191
513,Alagoas,30
702,Vakaga,41
3581,Sa Kaeo,217
2954,Gorj,180
1691,Solo,102
2228,Telsiai,126
1256,Loire,75
3488,Taichung,214
3121,Aiga-i-le-Tai,188
4064,Anegada,239
1056,Muhafazat al Qahirah,64
1621,Copan,97
3565,Phangnga,217
1736,Karbala,104
84,Has,2
2674,Ogun,160
3128,Tuamasaga,188
2389,Namu,137
787,Choco,47
3876,Norfolk,230
896,Ciudad de la Habana,55
274,Werribee south,13
740,Gansu,44
3015,Komi,181
1241,Herault,75
3912,Whissendine,230
1881,Siena,107
4061,Tinh Can Tho,238
3043,Perm,181
3887,SUSSEX,230
3476,Hsinchu Shih,214
2865,Kartuzy,175
2333,Haa Alif,133
3534,Chanthaburi,217
3431,Fribourg,212
2823,La Libertad,172
2006,Eastern,113
364,Koks Bazar,18
2243,Macau,128
572,Vidin,33
3895,South Yorkshire,230
2521,Tadla-Azilal,148
103,Sarande,2
99,Peqin,2
3187,Banskobystricky,197
683,Sao Tiago,39
2452,Sinaloa,142
3786,Poltavs''ka,228
3060,Tatarstan,181
1312,Vosges,75
3838,East Lothian,230
3200,Notranjsko-krashka,198
984,Duarte,61
31,Pondicherry,101
38,Uttar Pradesh,101
2879,Podlaskie,175
244,Aruba,12
1677,Jawa Timur,102
3767,Chernihivs''ka,228
3512,Lindi,216
1696,Sumatera Barat,102
381,Naugaon,18
649,Siem Reab,36
2708,Telemark,164
3205,Podravska,198
100,Permet,2
4048,Dong Bang Song Cuu Long,238
3104,Castries,185
2036,Hamgyeongbukto,115
1539,San Marcos,90
1647,Jasz-Nagykun-Szolnok,99
340,Barisal,18
3538,Chumphon,217
155,Wilaya d Alger,3
3915,Worcestershire,230
2313,Negeri Johor,132
2497,Selenge,146
1484,Paamiut,86
1460,Pieria,85
34,Sikkim,101
67,Qunduz,1
866,Sud-Comoe,53
3978,Wyoming,231
3293,Leon,205
1365,Hannover,82
383,Netrakona,18
2789,Sandaun,170
91,Kurbin,2
3802,Umm al Qaywayn,229
18,Kenmore,101
3897,Staffordshire,230
3518,Pwani,216
1847,Lombardia,107
2246,Brod,129
107,Tirane,2
577,Bazega,34
335,al-Muharraq,17
2367,Port Erin,136
2755,Qalqilyah,168
2280,Balaka,131
2539,Chin,150
546,Burgas,33
3394,Shiselweni,210
145,Tibazah,3
2338,Male,133
2195,Tubruq,124
3174,Central Serbia,193
826,Kasai-Oriental,50
1341,Mansakonko,80
3445,Schaffhausen,212
2211,Planken,125
3631,Siparia,221
909,Government controlled area,56
3418,Varmland,211
215,Entre Rios,10
898,Guantanamo,55
1386,Noord-Holland,82
2191,Surt,124
1276,Oise,75
2210,Mauren,125
1610,Nord,95
162,ash-Shalif,3
2089,al-Farwaniyah,117
3045,Pskov,181
2898,Alentejo,176
1052,Muhafazat ad Daqahliyah,64
3360,Janub Darfur,207
4118,Matabeleland North,246
2238,Mersch,127
1724,Semnan,103
1891,Treviso,107
3503,Khatlon,215
2921,Jarian-al-Batnah,178
1806,Ancona,107
3717,Konya,223
3533,Changwat Chaiyaphum,217
3628,San Fernando,221
1193,Aube,75
515,Amazonas,30
1740,Salah-ad-Din,104
1735,Irbil,104
2647,Abia,160
312,Andros,16
1268,Meurthe-et-Moselle,75
3510,Kigoma,216
3794,Zaporizhia,228
1114,Saare,68
2614,Otago,157
443,Stann Creek,22
712,Mayo-Kebbi,42
895,Cienfuegos,55
371,Magura,18
599,Oubritenga,34
2108,Oudomxay,119
3862,Lancashire,230
1593,Gabu,93
1331,Ogooue-Lolo,79
4102,Central,245
2926,al-Khawr,178
3381,Brokopondo,208
3562,Nonthaburi,217
1257,Loire-Atlantique,75
3395,Alvsborgs Lan,211
550,Jambol,33
4079,Dhamar,243
3989,Montevideo,233
2821,Ica,172
73,Zabul,1
1200,Bourgogne,75
1374,Land Mecklenburg-Vorpommern,82
517,Ceara,30
179,Cunene,6
3331,Kurunegala,206
3323,Boralesgamuwa,206
562,Shumen,33
2299,Nsanje,131
1232,Haute-Garonne,75
1322,Amsterdam,78
792,Huila,47
225,San Juan,10
3867,Ludlow,230
993,Maria Trinidad Sanchez,61
2645,Tillabery,159
1330,Ogooue-Ivindo,79
2153,Mohafazat Mont-Liban,121
1417,Arta,85
1600,East Berbice-Corentyne,94
2831,Puno,172
1142,Su uroy,72
20,Lakshadweep,101
1318,Iles sous le Vent,77
2839,Cagayan,173
2199,al-Fatih,124
1853,Milan,107
3438,Luzern,212
3009,Kamchatka,181
1069,al-Minufiyah,64
520,Estado de Sao Paulo,30
3489,Taichung Hsien,214
1900,Verona,107
3347,Tirikunamalaya,206
3506,Dar es Salaam,216
3137,Montegiardino,189
3478,Ilan,214
1780,Beit Hanania,106
590,Kompienga,34
2707,Sykkylven,164
1599,Demerara-Mahaica,94
2261,Prilep,129
817,Niari,49
3425,Appenzell Inner-Rhoden,212
3482,Kinmen,214
3473,Chiayi Shih,214
1006,Santiago,61
417,Mahilyowskaya Voblasts,20
2651,Anambra,160
872,Grad Zagreb,54
1018,Liquica,62
1838,Genoa,107
1357,Bayern,82
3919,Alabama,231
3012,Kemerovo,181
2002,Soltustik Kazakstan,112
1678,Kalimantan Barat,102
682,Sao Nicolau,39
1244,Indre,75
1781,Ben Gurion Airport,106
2934,Alba,180
3857,Isle of Wight,230
3095,Saint Mary Cayon,184
2385,Maloelap,137
1090,Usulutan,65
4060,Thu Do Ha Noi,238
1856,Molteno,107
374,Maulvi Bazar,18
1368,Kortenberg,82
2519,Settat,148
2038,Hwanghaebukto,115
1428,Florina,85
644,Phnum Penh,36
1295,Seine-Saint-Denis,75
2612,Nelson,157
2439,Guerrero,142
386,Pabna,18
661,Sud,37
3384,Marowijne,208
969,Saint Andrew,60
2308,Kedah,132
736,Beijing Shi,44
2437,Estado de Mexico,142
2895,Zukowo,175
2735,Koror,167
2746,Ariha,168
325,Rum Cay,16
2458,Yucatan,142
776,Antioquia,47
2507,Doukkala-Abda,148
3471,Changhwa,214
638,Kracheh,36
1963,Yamagata,109
1195,Auvergne,75
1167,Oulun Laani,74
42,Badakhshan,1
834,Mangaia,51
1278,Paris,75
2355,Gozo and Comino,135
1187,Alpes-de-Haute-Provence,75
3519,Rukwa,216
2508,Fes-Boulemane,148
2499,Tov,146
2142,Rigas,120
777,Arauca,47
3649,Safaqis,222
2264,Resen,129
3014,Kirov,181
950,Ribe,58
1706,Fars,103
1392,Saarland,82
3556,Nakhon Sawan,217
2309,Kelantan,132
755,Liaoning,44
140,Satif,3
3339,Mullaitivu,206
3702,Isparta,223
2279,Toliary,130
2621,West Coast,157
506,Okavango,28
2400,Assaba,139
854,Dix-huit Montagnes,53
425,Brabant Wallon,21
2699,Nordland,164
2371,Ailuk,137
454,Oueme,23
4029,Distrito Federal,237
3594,Surin,217
2781,Madang,170
141,Sayda,3
223,Rio Negro,10
3176,Vojvodina,193
1051,Matruh,64
2489,Govi-Altaj,146
1309,Vellise,75
1396,Schleswig-Holstein,82
2952,Galati,180
3113,Saint-Pierre,186
2729,Sind,166
1289,Saint Ouen,75
187,Lunda Sul,6
3483,Miaoli,214
865,Sud-Bandama,53
722,Coquimbo,43
3345,Ratnapuraya,206
3016,Komi-Permjakija,181
1628,Islas de la Bahia,97
3234,Shabellaha Dhexe,201
1770,Offaly,105
3220,Western,200
3441,Neuchatel,212
1657,Austurland,100
809,Njazidja,48
180,Huambo,6
4086,Madinat San''a,243
228,Santa Fe,10
1587,Tougue,92
3632,Tobago,221
3944,Medfield,231
2678,Plateau,160
1859,Naples,107
2319,Pulau Pinang,132
2125,Gulbenes,120
2126,Jekabspils,120
3922,Arkansas,231
450,Couffo,23
2343,Siin,133
3522,Singida,216
3570,Phichit,217
3597,Trat,217
1366,Heroldstatt,82
1795,Lower Galilee,106
1660,Nor urland eystra,100
241,Tavush,11
3240,Gauteng,202
1129,Somali,69
1029,Esmeraldas,63
3644,Monastir,222
1324,Kerguelen,78
2737,Ngaraard,167
2904,Distrito de Vila Real,176
3619,Chaguanas,221
328,Badiyah,17
3258,Almeria,205
3262,Badajoz,205
2629,Granada,158
2084,Mishref,117
72,Wardag,1
3241,Kempton Park,202
2312,Melaka,132
2506,Chaouia-Ouardigha,148
1813,Belluno,107
2778,Enga,170
3686,Corum,223
2840,Caraga,173
3643,Manubah,222
6,Chandigarh,101
564,Sliven,33
65,Parwan,1
622,Kirundo,35
773,Christmas Island,45
938,Velesin,57
2242,Wiltz,127
870,Bjelovar-Bilogora,54
3403,Halland,211
3153,Jawf,191
3814,Bridgnorth,230
1010,Ainaro,62
426,Brussel,21
672,Prince Edward Island,38
3026,Magadan,181
173,Ordino,5
414,Homjel,20
2571,Karnali,153
133,Mustaghanam,3
64,Paktiya,1
136,Ouargla,3
1151,Ahvenanmaa,74
635,Kampot,36
1262,Lower Normandy,75
1073,al-Uqsur,64
3567,Phayao,217
3943,Massachusetts,231
2033,Tarawa South,114
4036,Nueva Esparta,237
126,Jijili,3
888,Varazhdin,54
3251,Western Cape,202
2653,Bayelsa,160
2872,Malomice,175
3357,Gharb Darfur,207
235,Gegharkunik,11
1694,Sulawesi Tenggara,102
3599,Udon Thani,217
1338,Kanifing,80
2579,Seti,153
2260,Ohrid,129
1358,Beilstein Wurtt,82
1805,Alessandria,107
3358,Gharb Kurdufan,207
3179,Cascade,194
754,Jilin,44
303,Nagorni-Qarabax,15
264,Knoxfield,13
981,Barahona,61
666,New Brunswick,38
829,Maniema,50
2830,Piura,172
115,Bashshar,3
1522,Yona,89
3515,Morogoro,216
1876,Salerno,107
1588,Yomou,92
1397,Thuringia,82
1333,Woleu-Ntem,79
2774,Veraguas,169
3683,Bursa,223
1716,Kohgiluyeh-e Boyerahmad,103
1879,Savona,107
1395,Saxony,82
437,Wallonne,21
2517,Rabat-Sale-Zammour-Zaer,148
2099,Talas,118
3779,Kyyiv,228
2807,Misiones,171
3678,Bilecik,223
808,Mwali,48
1160,Keski-Pohjanmaa,74
17,Karnataka,101
373,Manikganj,18
24,Meghalaya,101
1901,Vicenza,107
3870,Merseyside,230
2646,Zinder,159
2985,Belgorod,181
2328,Dhaal,133
1615,Sud-Est,95
1426,Evros,85
1062,al-Bahr-al-Ahmar,64
1937,Kanto,109
362,Khulna,18
453,Mono,23
3178,Anse Royale,194
2216,Triesenberg,125
111,Ayn Tamushanat,3
39,Uttarakhand,101
4083,Ibb,243
368,Lakshmipur,18
1755,Dublin,105
1751,Cavan,105
3285,Granada,205
2289,Lilongwe City,131
2993,Dagestan,181
3059,Tambov,181
2806,Itapua,171
3385,Nickerie,208
2713,Al Buraimi,165
3038,Novosibirsk,181
363,Kishorganj,18
914,Central Bohemian,57
1310,Vendee,75
3020,Krasnojarsk,181
3591,Sukhothai,217
3984,Durazno,233
889,Virovitica-Podravina,54
4076,as-Samarah,242
1872,Puglia,107
2535,Tete,149
2472,Soroca,144
1477,Ilulissat,86
538,Sergipe,30
3413,Skane,211
4057,Mien Nui Va Trung Du,238
3299,Melilla,205
1464,Rodopi,85
237,Lori,11
2051,Chungbuk,116
1852,Messina,107
3607,Plateaux,218
2248,Delchevo,129
2951,Dolj,180
588,Kenedougou,34
856,Haut-Sassandra,53
2011,Western,113
1176,Southern Savonia,74
3313,Teruel,205
2693,Buskerud,164
169,Canillo,5
2945,Calarasi,180
3154,Jizan,191
1126,Jigjiga,69
477,Beni,26
1616,Heard and McDonald Islands,96
1345,Imereti,81
3167,Kaolack,192
709,Lac,42
1841,Lazio,107
2037,Hamgyeongnamdo,115
1302,Territoire de Belfort,75
3498,Yun-Lin Hsien,214
1049,Dumyat,64
301,Mil-Qarabax,15
3615,Tongatapu,220
3906,Wales,230
587,Kadiogo,34
1339,Kerewan,80
1641,Budapest,99
1038,Orellana,63
2631,Leon,158
3447,Solothurn,212
3058,Tajmyrija,181
2112,Sekong,119
868,Worodougou,53
2563,Oshikoto,151
643,Otdar Mean Chey,36
3781,L''vivs''ka,228
631,Kampong Cham,36
804,Tolima,47
1517,Santa Rita,89
3405,Jonkoping,211
2680,Sokoto,160
3078,Gisenyi,182
298,Ganja,15
3410,Orebro,211
3818,Cambridgeshire,230
3738,Tokat,223
3144,Me-Zochi,190
1993,Atirau,112
1045,Asyut,64
3993,Rocha,233
2059,Gyeongsang,116
1260,Lot,75
431,Luxembourg,21
1607,Artibonite,95
3135,Faetano,189
2752,Janin,168
1070,al-Minya,64
1123,Diredawa,69
2723,Baluchistan,166
2116,Xiang Khuang,119
3414,Smaland,211
4110,Western,245
2732,Angaur,167
2388,Namorik,137
2608,Gisborne,157
3535,Chiang Mai,217
1634,Valle,97
1305,Val-d''Oise,75
3751,Mari,224
63,Paktika,1
233,Ararat,11
3327,Hambantota,206
3689,Duzce,223
2237,Luxembourg,127
1314,Yvelines,75
1717,Kordestan,103
455,Plateau,23
3022,Kurgan,181
494,Francistown,28
500,Kgatleng,28
3499,Yunlin,214
2119,Balvu,120
1371,Land Bayern,82
1180,Varsinais-Suomi,74
2941,Braila,180
3275,Comunidad Autonoma de Canarias,205
1844,Lecco Province,107
1035,Manabi,63
586,Ioba,34
601,Passore,34
3690,Edirne,223
2758,Salfit,168
2597,Utrecht,155
1760,Laois,105
353,Gazipur,18
2307,Johor,132
2617,Taranaki,157
3722,Mardin,223
609,Tapoa,34
1012,Baucau,62
1360,Brandenburg,82
3934,Illinois,231
1106,Ida-Viru,68
15,Jammu and Kashmir,101
1375,Land Nordrhein-Westfalen,82
4115,Mashonaland East,246
934,Stredochesky,57
2906,Lisboa e Vale do Tejo,176
3002,Jamalo-Nenets,181
1301,Tarn-et-Garonne,75
1201,Bretagne,75
2194,Tripolitania,124
3736,Sivas,223
2825,Lima y Callao,172
920,Klecany,57
1416,Arkadia,85
1720,Mazandaran,103
1118,Voru,68
1185,Alpes-Cote dAzur,75
1590,Bissau,93
3272,Catalunya,205
936,Ustecky,57
3529,Buri Ram,217
2863,Dziekanow Lesny,175
1000,Salcedo,61
4055,Khu Bon Cu,238
3203,Obcina Vitanje,198
3821,Cleveland,230
3334,Malwana,206
1533,Jutiapa,90
2398,Saint-Pierre,138
2649,Adamawa,160
968,Ubuk,59
25,Mizoram,101
429,Liege,21
1229,Gironde,75
1352,Shida Kartli,81
1882,Sondrio,107
3953,New Jersey,231
2122,Daugavpils,120
3422,Vastmanland,211
648,Rotanak Kiri,36
3642,Madaniyin,222
114,Annabah,3
2720,adh-Dhahirah,165
583,Gnagna,34
198,Sector claimed by New Zealand,8
3097,Saint Paul Charlestown,184
2697,Moere og Romsdal,164
2638,Rivas,158
3019,Krasnodar,181
214,Distrito Federal,10
1342,Abhasia,81
1899,Vercelli,107
812,Brazzaville,49
4016,Shefa,235
2523,Taza-Al Hoceima-Taounate,148
1218,Dordogne,75
2433,Coahuila,142
3233,Sanag,201
654,Centre,37
2543,Magway,150
1661,Nor urland vestra,100
4031,Guarico,237
2222,Marijampoles,126
1728,Zanjan,103
2296,Mzuzu City,131
2637,Rio San Juan,158
1974,Saint Peter,110
1235,Haute-Saone,75
1629,La Paz,97
234,Armavir,11
2091,al-Kuwayt,117
1824,Caserta,107
2716,Musandam,165
835,Manihiki,51
1405,Greater Accra,83
877,Lika-Senj,54
1448,Korinthia,85
2953,Giurgiu,180
532,Rio Grande do Sul,30
2203,al-Kufrah,124
3474,Eastern Taipei,214
2878,Podkarpackie,175
3238,Eastern Cape,202
3766,Cherkas''ka,228
2897,Acores,176
2465,Cahul,144
2324,Terengganu,132
723,Libertador General Bernardo O,43
2276,Fianarantsoa,130
2362,Castletown,136
2959,Ilfov,180
3778,Krym,228
350,Faridpur,18
2409,Taqant,139
3105,Choiseul,185
3266,Biscay,205
2321,Sarawak,132
1631,Ocotepeque,97
3031,Moskovskaya Oblast,181
1776,Waterford,105
2955,Harghita,180
1771,Roscommon,105
1414,Aitolia kai Akarnania,85
769,Xizang,44
3034,Nenets,181
858,Lagunes,53
1860,Novara,107
2298,Nkhotakota,131
2881,Pomorskie,175
3400,Gavleborg,211
2404,Hudh-ash-Sharqi,139
3584,Samut Sakhon,217
730,Valparaiso,43
1708,Golestan,103
2858,Western Visayas,173
3869,Mayfair,230
1124,Gambella,69
1406,Northern,83
523,Mato Grosso,30
3677,Bayburt,223
2431,Chiapas,142
670,Nunavut,38
154,Warqla,3
591,Kossi,34
2575,Mechi,153
557,Pernik,33
3123,Fa''asaleleaga,188
4045,Binh Dinh,238
2669,Kogi,160
3417,Uppsala,211
1778,Wexford,105
1115,Tartu,68
199,Sector claimed by Norway,8
3035,Nizhnij Novgorod,181
2379,Kili,137
3433,Glarus,212
3652,Silyanah,222
2820,Huanuco,172
2327,Baa,133
19,Kerala,101
2316,Penang,132
3748,Balkan,224
3595,Tak,217
1011,Ambeno,62
989,Independencia,61
2620,Wellington,157
175,Bengo,6
2957,Ialomita,180
3711,Kayseri,223
1168,Paijat-Hame,74
1936,Kanagawa,109
1715,Khuzestan,103
2451,San Luis Potosi,142
862,N''zi-Comoe,53
2189,Sabha,124
1170,Pohjanmaa,74
926,Olomoucky Kraj,57
2083,Hawalli,117
1731,Dahuk,104
3485,Northern Taiwan,214
2987,Burjatija,181
915,Frycovice,57
183,Kwanza Norte,6
693,Mambere-Kadei,41
3392,Lubombo,210
645,Pousat,36
758,Ningxia Hui,44
2179,Rivercess,123
2201,al-Jufrah,124
1506,Saint Martin,88
3335,Mannarama,206
958,Storstrom,58
1266,Marne,75
2039,Hwanghaenamdo,115
3401,Gaza,211
2613,Northland,157
1121,Amhara,69
885,Sisak-Moslavina,54
2376,Enewetak,137
3517,Mwanza,216
610,Tuy,34
1306,Val-de-Marne,75
3217,Malaita,200
3868,Manchester,230
361,Khagrachhari,18
3651,Sidi Bu Zayd,222
2520,Souss Massa-Draa,148
2443,Michoacan,142
2440,Hidalgo,142
2692,Bergen,164
2208,Eschen,125
2336,Laam,133
1921,Chiba,109
3847,Fulham,230
1050,Kafr-ash-Shaykh,64
2259,Negotino,129
2599,Zuid-Holland,155
1424,Evia,85
475,Tongsa,25
2736,Melekeok,167
2107,Luang Prabang,119
1453,Lesvos,85
1346,Kaheti,81
2054,Chungnam,116
3648,Qibili,222
3218,Rennell and Bellona,200
2048,Cheju,116
128,Khanshalah,3
3629,San Juan,221
3133,Chiesanuova,189
282,Karnten,14
660,Ouest,37
3008,Kaluga,181
2900,Braga,176
480,La Paz,26
1442,Kastoria,85
3420,Vastergotland,211
3704,Izmir,223
2302,Phalombe,131
3278,Comunidad Autonoma de las Isla,205
471,Samdrup Jongkhar,25
4067,Saint Croix,240
2855,Southern Mindanao,173
343,Brahman Bariya,18
978,Saint Peter,60
3855,Ireland,230
95,Mallakaster,2
2096,Jalal-Abad,118
3101,Trinity Palmetto Point,184
2374,Bikini,137
185,Luanda,6
2369,Ramsey,136
3118,Saint George,187
156,Wilaya de Bejaia,3
2751,Ghazzah ash-Shamaliyah,168
3161,al-Hudud-ash-Shamaliyah,191
409,Saint Michael,19
3716,Kocaeli,223
581,Comoe,34
62,Nuristan,1
3788,Sevastopol,228
3481,Keelung Shih,214
2380,Kwajalein,137
543,Temburong,32
395,Shariatpur,18
3547,Loei,217
3752,Grand Turk,225
2740,Ngatpang,167
1553,Saint Saviour,91
1524,Baja Verapaz,90
2270,Tetovo,129
2281,Blantyre City,131
3289,Huesca,205
1650,Pest,99
710,Logone Occidental,42
2515,Oujda,148
558,Pleven,33
664,British Columbia,38
1317,Iles du Vent,77
2725,Federally administered Tribal,166
724,Los Lagos,43
2118,Aluksnes,120
913,Turkish controlled area,56
813,Cuvette,49
1039,Pastaza,63
3568,Phetchabun,217
2907,Madeira,176
801,San Andres y Providencia,47
379,Narsingdi,18
2986,Brjansk,181
1734,Erbil,104
3684,Canakkale,223
1995,Burlinsky Region,112
1713,Kermanshah,103
1579,Macenta,92
261,Frenchs Forest,13
555,Oblast Sofiya-Grad,33
3532,Chaiyaphum,217
307,Saki,15
1446,Kiklades,85
1848,Lombardy,107
2602,Sud,156
4042,Yaracuy,237
1612,Nord-Ouest,95
2285,Dedza,131
3676,Batman,223
3490,Taichung Shih,214
2841,Central Luzon,173
1745,al-Qadisiyah,104
2001,Sigis Kazakstan,112
3555,Nakhon Ratchasima,217
1325,Estuaire,79
2232,Clervaux,127
2805,Guaira,171
2851,Mactan,173
2812,Amazonas,172
1214,Cotes-d''Armor,75
1886,Torino,107
265,Melbourne,13
1181,Ain,75
3037,Novokusnezk,181
900,Holguin,55
2171,Grand Bassa,123
2516,Province de Tanger,148
2528,Inhambane,149
102,Puke,2
1263,Lozere,75
1576,Kouroussa,92
3208,Slovenian Littoral,198
457,Hamilton,24
3820,Cheshire,230
3878,North Yorkshire,230
1878,Sassari,107
598,Noumbiel,34
2675,Ondo,160
384,Nilphamari,18
677,Brava,39
1491,Upernavik,86
81,Fier,2
1561,Coyah,92
61,Nimruz,1
342,Bogora,18
2234,Echternach,127
3539,Kalasin,217
1829,Cremona,107
3524,Tanga,216
3880,Northants,230
1303,Treignac,75
310,Abaco,16
1219,Doubs,75
1433,Halkidiki,85
2968,Sibiu,180
3846,Flintshire,230
2227,Telshiu,126
985,El Seybo,61
2418,Pamplempousses,140
4012,Toskent,234
2256,Kriva Palanka,129
3131,Acquaviva,189
3608,Savanes,218
299,Kalbacar,15
3971,Trimble,231
2430,Campeche,142
1992,Almati,112
4014,Penama,235
3469,ar-Raqqah,213
2903,Distrito de Viana do Castelo,176
2886,Slaskie,175
90,Kukes,2
1822,Campania,107
413,Brest,20
2003,Taraz,112
3021,Krasnoyarskiy Kray,181
2551,Yangon,150
1741,Wasit,104
1282,Picardy,75
1230,Haut-Rhin,75
1,Andaman and Nicobar Islands,101
1128,Oromia,69
4052,Duyen Hai Mien Trung,238
1999,Ontustik Kazakstan,112
1639,Bekes,99
1435,Heraklion,85
2754,Nabulus,168
2106,Luang Nam Tha,119
3603,Yasothon,217
341,Bhola,18
3945,Michigan,231
2546,Nay Pyi Taw,150
1476,Illoqqortoormiut,86
699,Ouham,41
3746,Ahal,224
1004,San Pedro de Macoris,61
3658,al-Kaf,222
794,Magdalena,47
1353,Tbilisi,81
568,Stara Zagora,33
1644,Gyor-Moson-Sopron,99
3311,Tarragona,205
3969,Tennessee,231
1420,Ayion Oros,85
2190,Sawfajjin,124
3682,Burdur,223
1401,Ashanti,83
32,Punjab,101
3660,al-Munastir,222
508,Selibe Phikwe,28
3036,Novgorod,181
1542,Suchitepequez,90
1545,Alderney,91
1614,Sud,95
1208,Charente,75
972,Saint John,60
2522,Tangier-Tetouan,148
2063,Jeonbuk,116
1379,Land Thuringen,82
309,Xacmaz,15
3963,Pennsylvania,231
2046,Yanggang,115
3091,Saint George Gingerland,184
3177,Anse Boileau,194
739,Fujian Sheng,44
2829,Pasco,172
3961,Ontario,231
1221,Essonne,75
2449,Queretaro,142
3199,Koroshka,198
1511,Dededo,89
3367,Shamal Kurdufan,207
497,Jwaneng,28
2353,Sikasso,134
3845,Fife,230
2223,Panevezhio,126
226,San Luis,10
1074,al-Wadi al-Jadid,64
1372,Land Brandenburg,82
12,Gujarat,101
35,Tamil Nadu,101
1837,Frosinone,107
735,Beijing,44
2997,Hakasija,181
2759,Tubas,168
1777,Westmeath,105
3561,Nong Khai,217
2475,Transnistria,144
951,Ringkobing,58
3169,Louga,192
750,Hunan,44
1559,Boke,92
600,Oudalan,34
493,Chobe,28
2822,Junin,172
2329,Faaf,133
580,Boulkiemde,34
3212,Central,200
1104,Harju,68
1743,al-Basrah,104
2690,Akershus,164
3973,Vermont,231
1897,Venezia,107
2658,Ebonyi,160
3942,Maryland,231
1094,Centro Sur,66
3207,Savinjska,198
2123,Daugavpils City,120
2262,Probishtip,129
3537,Chon Buri,217
3426,Appenzell-Ausser Rhoden,212
27,Narora,101
2976,Vrancea,180
1186,Alpes-Maritimes,75
193,Other Provinces,7
2866,Koscian,175
2138,Preilu,120
2016,Banaba,114
3453,Vauffelin,212
990,La Altagracia,61
104,Shkoder,2
1690,Riau Kepulauan,102
428,Hainaut,21
2969,Sondelor,180
1565,Faranah,92
2827,Madre de Dios,172
1148,Northern,73
2345,Vaav,133
3236,Togdher,201
1935,Kagoshima,109
2007,Nairobi,113
3904,Tyrone,230
939,Vysochina,57
3911,West Yorkshire,230
1964,Yamaguchi,109
3355,Central Equatoria,207
400,Tangayal,18
2973,Tulcea,180
1399,Weinstrabe,82
1209,Charente-Maritime,75
132,Muaskar,3
2992,Chuvashija,181
2657,Delta,160
122,Burj Bu Arririj,3
1122,Benishangul,69
1017,Lautem,62
1664,Vestfir ir,100
1662,Su urland,100
207,Saint Philip,9
2129,Jurmala City,120
1192,Ariege,75
1816,Biella,107
2534,Sofala,149
209,Catamarca,10
2269,Sveti Nikole,129
2573,Lumbini,153
4054,Hung Yen,238
2748,Bethlehem,168
793,La Guajira,47
3280,Comunidad Valenciana,205
1291,Saone-et-Loire,75
612,Zondoma,34
1697,Sumatera Selatan,102
1385,Niedersachsen,82
2078,Taejon-gwangyoksi,116
3551,Mukdahan,217
3064,Tver,181
2799,Caaguazu,171
827,Katanga,50
1954,Shiga,109
1009,Aileu,62
2145,Tukuma,120
931,Smirice,57
2356,Inner Harbour,135
4081,Hajjah,243
1327,Moyen-Ogooue,79
3158,Tabuk,191
3011,Karelija,181
87,Korce,2
3071,Volgograd,181
675,Yukon,38
528,Parana,30
192,Zaire,6
166,Swains Island,4
3898,Strabane,230
2961,Mehedinti,180
2627,Chontales,158
3160,al-Bahah,191
11,Goa,101
308,Sirvan,15
2709,Troms,164
2633,Managua,158
1376,Land Rheinland-Pfalz,82
3329,Kegalla,206
2580,Bonaire,154
2975,Vaslui,180
2393,Wotho,137
131,Milah,3
2749,Dayr-al-Balah,168
1225,Finistere,75
1811,Bari,107
3863,Leicestershire,230
3966,South Carolina,231
955,Sjaelland,58
3580,Roi Et,217
3996,Soriano,233
578,Bougouriba,34
1849,Macerata,107
2899,Algarve,176
347,Chuadanga,18
1594,Oio,93
2556,Kavango,151
491,Central Serowe-Palapye,28
1036,Morona Santiago,63
1023,Bolivar,63
1997,Kostanay,112
2165,Mokhotlong,122
783,Caqueta,47
1116,Valga,68
779,Bogota,47
1384,Neubeuern,82
3080,Kibungo,182
3509,Kagera,216
1438,Imathia,85
1748,at-Ta''mim,104
1250,Languedoc-Roussillon,75
3675,Bartin,223
438,West-Vlaanderen,21
1627,Intibuca,97
3806,Aberdeenshire,230
1109,Laane,68
3196,Gorenjska,198
2093,Bishkek,118
3909,West Midlands,230
994,Monsenor Nouel,61
1079,Chalatenango,65
1855,Molise,107
1996,Karagandi,112
788,Cordoba,47
706,Chari-Baguirmi,42
3402,Gotland,211
836,Mauke,51
4,Assam,101
1987,at-Tafilah,111
2838,Bulacan,173
3287,Guipuzcoa,205
2013,Abemana,114
319,Grand Bahama,16
70,Takhar,1
1659,Hofu borgarsva i,100
2977,Adygeja,181
3164,Dakar,192
236,Kotaik,11
2980,Altaj,181
763,Shanghai,44
2252,Kavadarci,129
973,Saint Joseph,60
1189,Aquitaine,75
3905,Utah,230
3190,Nitriansky,197
1668,Bangka-Belitung,102
592,Kouritenga,34
4107,North-Western,245
2381,Lae,137
1718,Lorestan,103
1507,Agana Heights,89
3356,Gharb Bahr-al-Ghazal,207
696,Nana-Mambere,41
1929,Hokkaido,109
3396,Angermanland,211
3720,Malatya,223
2930,Saint-Benoit,179
3777,Kirovohrad,228
2368,Port Saint Mary,136
3590,Songkhla,217
952,Roervig,58
2922,Umm Salal,178
2348,Kayes,134
3625,Port of Spain,221
1525,Chimaltenango,90
3639,Gouvernorat de Sousse,222
2770,Kuna Yala,169
1977,Ajlun,111
770,Yunnan,44
3232,Nugal,201
229,Santiago del Estero,10
375,Meherpur,18
1966,Grouville,110
1152,Etela-Karjala,74
3886,Roos-shire,230
1920,Aomori,109
3646,Qabis,222
3486,Penghu,214
2053,Chungcheongnam,116
738,Fujian,44
424,Brabant,21
1377,Land Sachsen,82
2668,Kebbi,160
129,Masilah,3
596,Nahouri,34
502,Lobatse,28
3576,Prachuap Khiri Khan,217
2803,Concepcion,171
1472,Xanthi,85
3726,Nigde,223
2656,Cross River,160
1887,Toscana,107
1101,Gash-Barka,67
248,Balmain,13
1835,Forli-Cesena,107
4053,Hanoi,238
3310,Soria,205
2845,Davao,173
3477,Hualien,214
3110,Soufriere,185
137,Qalmah,3
495,Gaborone,28
2005,Coast,113
3458,Dayr-az-Zawr,213
2902,Distrito de Leiria,176
1874,Rimini,107
3108,Laborie,185
3892,Somerset,230
1137,Klaksvik,72
2791,Southern Highlands,170
281,Carinthia,14
882,Pozhega-Slavonija,54
1764,Loch Garman,105
1766,Louth,105
3765,Western,227
1174,Saarijarvi,74
2342,Shaviyani,133
4089,Shabwah,243
275,Western Australia,13
2405,Inshiri,139
1290,Saint Viatre,75
957,Sonderjylland,58
3065,Tyva,181
3451,Valais,212
3365,Shamal Bahr-al-Ghazal,207
2501,Uvs,146
2481,Arhangaj,146
2896,Abrantes,176
1737,Kurdistan,104
782,Caldas,47
2396,La Trinite,138
1917,Westmoreland,108
1362,Dreisbach,82
3291,La Rioja,205
727,Metropolitana,43
2457,Veracruz,142
37,Tripura,101
1335,Basse,80
1529,Guatemala,90
4039,Tachira,237
1682,Kendal,102
1710,Hormozgan,103
456,Zou,23
2074,Seoul,116
1173,Pohjois-Savo,74
3082,Kigali-ngali,182
205,Saint Paul,9
1983,al-''Aqabah,111
200,Unclaimed Sector,8
436,Vlaams-Brabant,21
1681,Kalimantan Timur,102
1437,Ilia,85
177,Bie,6
1432,Halandri,85
334,al-Manamah,17
3737,Tekirdag,223
1071,al-Qahira,64
3803,al-Fujayrah,229
58,Lagman,1
46,Bamiyan,1
892,Zagreb,54
4056,Long An,238
3194,Zilinsky,197
3531,Chai Nat,217
2587,Drenthe,155
441,Corozal,22
1281,Pays-de-la-Loire,75
2644,Tahoua,159
3757,Niutao,226
3377,al-Wahdah,207
189,Moxico,6
1895,Varese,107
3768,Chernivets''ka,228
80,Elbasan,2
96,Malsi e Madhe,2
556,Pazardzhik,33
2837,Bicol,173
3494,Taipei Shih / Taipei Hsien,214
3760,Nukulaelae,226
492,Central Tutume,28
608,Sourou,34
2467,Chisinau Oras,144
1243,Ille-et-Vilaine,75
2495,Orhon,146
3666,Agri,223
3936,Iowa,231
1485,Qaanaaq,86
1808,Ascoli Piceno,107
983,Distrito Nacional,61
3543,Krabi,217
3600,Uthai Thani,217
1819,Brescia,107
2666,Kano,160
1651,Somogy,99
2456,Tlaxcala,142
867,Vallee du Bandama,53
2009,Nyanza,113
2550,Tanintharyi,150
1845,Liguria,107
260,Collingwood,13
843,Alajuela,52
1166,Ostrobothnia,74
2873,Malopolskie,175
246,Australian Capital Territory,13
3965,Rhode Island,231
944,Fyn,58
2347,Gao,134
1248,Klagenfurt,75
2134,Limbazhu,120
165,Manu''a,4
1279,Pas-de-Calais,75
1275,Nord-Pas-de-Calais,75
157,Wilaya de Constantine,3
2198,al-''Aziziyah,124
2390,Rongelap,137
2901,Centro,176
1451,Larisa,85
3411,Ostergotland,211
3075,Byumba,182
3054,Saratov,181
2258,Kumanovo,129
1388,North Rhine-Westphalia,82
2143,Saldus,120
54,Kabul,1
2834,Tumbes,172
1604,Potaro-Siparuni,94
2341,Raa,133
3780,Kyyivs''ka,228
2344,Thaa,133
2188,Murzuq,124
3127,Satupa''itea,188
1750,Carlow,105
3830,Derbyshire,230
1962,Wakayama,109
3304,Palencia,205
2473,Taraclia,144
2711,Vestfold,164
3201,Obalno-krashka,198
1206,Cedex,75
685,Grand Cayman,40
2892,Wielkopolskie,175
1100,Debub-Keih-Bahri,67
3318,Zamora,205
3047,Rjazan,181
3983,Colonia,233
1495,Saint Davids,87
2761,al-Khalil,168
3452,Vaud,212
2028,Tabiteuea North,114
908,Villa Clara,55
998,Peravia,61
2677,Oyo,160
633,Kampong Spoeu,36
496,Ghanzi,28
1344,Guria,81
486,Federacija Bosna i Hercegovina,27
4040,Trujillo,237
124,Ghardayah,3
2832,San Martin,172
1857,Montenegro,107
1497,Saint John,87
1757,Kerry,105
3574,Phuket,217
2972,Timis,180
3797,Ajman,229
3558,Nan,217
3883,Nottinghamshire,230
1972,Saint Martin,110
1730,Baghdad,104
2603,Area Outside Region,157
498,Kgalagadi North,28
3206,Pomurska,198
3542,Khon Kaen,217
805,Valle del Cauca,47
1337,Janjanbureh,80
2135,Ludzas,120
3719,Lefkosa,223
291,Tirol,14
1199,Bouches-du-Rhone,75
390,Rajbari,18
432,Namur,21
2414,Flacq,140
3363,Kassala,207
55,Kapisa,1
1237,Haute-Vienne,75
1938,Kochi,109
1177,Tavastia Proper,74
357,Jamalpur,18
3693,Erzurum,223
2695,Hedmark,164
3733,Siirt,223
2625,Carazo,158
1057,Qina,64
1516,Mongmong-Toto-Maite,89
1434,Hania,85
3998,Treinta y Tres,233
3792,Vynnyts''ka,228
2766,Colon,169
982,Dajabon,61
1108,Jogeva,68
3827,Cumbria,230
3860,Kilmarnock,230
3563,Pathum Thani,217
3879,Northamptonshire,230
819,Pool,49
300,Lankaran,15
74,Berat,2
1027,Cotopaxi,63
392,Rangamati,18
1858,Monza and Brianza,107
897,Granma,55
965,Dikhil,59
1431,Grevena,85
360,Jhanaydah,18
560,Razgrad,33
3721,Manisa,223
2196,Yafran,124
571,Veliko Tarnovo,33
3653,Susah,222
2453,Sonora,142
619,Gitega,35
139,Sakikdah,3
1155,Etela-Suomen Laani,74
2166,Qacha''s Nek,122
1549,Saint Martin,91
2694,Finnmark,164
3182,Eastern,195
1828,Cosenza,107
1135,Falkland Islands,71
928,Plzensky,57
1546,Castel,91
2798,Boqueron,171
1883,South Tyrol,107
531,Rio Grande do Norte,30
101,Pogradec,2
2,Andhra Pradesh,101
1131,Tigray,69
2933,Saint-Pierre,179
2254,Kochani,129
2383,Likiep,137
2420,Port Louis,140
4092,al-Hudaydah,243
218,La Pampa,10
337,Bagar Hat,18
1807,Arezzo,107
3010,Karachaj-Cherkessija,181
3271,Castello,205
2882,Poznan,175
942,Bornholm,58
4082,Hudaydah,243
1505,Saint Barthelemy,88
3645,Nabul,222
1675,Jawa Barat,102
3185,Western,195
1916,Trelawney,108
3826,Craven Arms,230
2017,Beru,114
1926,Gifu,109
2061,Incheon,116
2756,Rafah,168
1918,Aichi,109
1252,Le Castellet,75
2512,Marrakech-Tensift-Al Haouz,148
1134,Coral Sea Islands,70
2843,Central Visayas,173
2493,Hovsgol,146
1227,Gard,75
2808,Neembucu,171
3173,Ziguinchor,192
3604,Centre,218
3521,Shinyanga,216
824,Haut-Congo,50
3290,Jaen,205
1543,Totonicapan,90
1441,Karditsa,85
3301,Navarra,205
1912,Saint Elizabeth,108
1067,al-Ismailiyah,64
2702,Oslo,164
1028,El Oro,63
918,Jihomoravsky,57
966,Jibuti,59
2606,Canterbury,157
3224,Bari,201
2619,Waikato,157
871,Dubrovnik-Neretva,54
2853,Muslim Mindanao,173
2747,Bayt Lahm,168
430,Limburg,21
290,Styria,14
3579,Rayong,217
1246,Isere,75
1463,Rethimni,85
444,Toledo,22
2231,Capellen,127
3330,Kilinochchi,206
2932,Saint-Paul,179
3265,Bertamirans,205
2874,Mazowieckie,175
2055,Daegu,116
1294,Seine-Maritime,75
607,Soum,34
561,Ruse,33
2860,Biale Blota,175
4038,Sucre,237
3809,Bedfordshire,230
919,Karlovarsky,57
4022,Apure,237
1136,South Georgia,71
2294,Mwanza,131
2305,Thyolo,131
1502,Iles des Saintes,88
4041,Vargas,237
2144,Talsu,120
285,Niederosterreich,14
2274,Antananarivo,130
1076,ash-Sharqiyah,64
2320,Sabah,132
810,Nzwani,48
4025,Bolivar,237
974,Saint Luke,60
884,Shibenik-Knin,54
2094,Chui,118
1927,Gumma,109
3872,Middlesex,230
317,Eleuthera,16
3353,A''ali-an-Nil,207
1626,Gracias a Dios,97
3463,Idlib,213
1347,Kvemo Kartli,81
851,Agneby,53
3256,Alava,205
1454,Levkas,85
1581,Mamou,92
391,Rajshahi,18
2464,Balti,144
3725,Nevsehir,223
3618,Caroni,221
501,Kweneng,28
602,Poni,34
3243,KwaZulu Natal,202
3907,Warwickshire,230
3636,Binzart,222
3502,Karotegin,215
2423,Rose Hill,140
2557,Khomas,151
1609,Grand''Anse,95
160,al-Jaza''ir,3
217,Jujuy,10
2510,Guelmim,148
1721,Ostan-e Esfahan,103
2206,az-Zawiyah,124
3553,Nakhon Pathom,217
1707,Gilan,103
1240,Hauts-de-Seine,75
2485,Darhan-Uul,146
3866,London,230
1475,Ammassalik,86
3785,Odessa,228
1234,Haute-Marne,75
3276,Comunidad Autonoma de Cataluna,205
3665,Afyon,223
2925,al-Jumayliyah,178
718,Antofagasta,43
1456,Messinia,85
2670,Kwara,160
3740,Tunceli,223
2936,Arges,180
1994,Batis Kazakstan,112
3382,Commewijne,208
3464,Madinat Dimashq,213
679,Maio,39
3888,Sark,230
3727,Ordu,223
3877,North Humberside,230
3610,Fakaofo,219
2772,Ngobe Bugle,169
3388,Saramacca,208
201,Barbuda,9
4035,Monagas,237
924,Moravskoslezsky,57
4091,al-Bayda,243
3349,Vavuniyawa,206
3667,Aksaray,223
4070,Alo,241
3931,Georgia,231
407,Saint Joseph,19
1815,Bergamo,107
3068,Ulyanovskaya Oblast,181
1197,Bas-Rhin,75
3297,Madrid,205
3260,Asturias,205
713,Moyen-Chari,42
594,Leraba,34
1178,Uleaborgs Lan,74
164,Eastern,4
820,Sangha,49
76,Delvine,2
774,Cocos (Keeling) Islands,46
2185,Ghadamis,124
2833,Tacna,172
1059,Sina al-Janubiyah,64
1560,Conakry,92
367,Kushtiya,18
3300,Murcia,205
2012,Abaiang,114
3286,Guadalajara,205
3933,Idaho,231
1969,Saint Helier,110
3571,Phitsanulok,217
465,Lhuntshi,25
1272,Moselle,75
3593,Surat Thani,217
659,Nordouest,37
2532,Nampula,149
1292,Sarthe,75
3799,Ras al-Khaymah,229
3006,Kaliningrad,181
439,Belize,22
1308,Vaucluse,75
3018,Kostroma,181
3267,Burgos,205
2769,Herrera,169
3596,Trang,217
1025,Carchi,63
2928,ar-Rayyan,178
2984,Bashkortostan,181
1978,Amman,111
1081,La Libertad,65
2331,Gaaf Dhaal,133
464,Ha,25
2927,al-Wakrah,178
1904,Clarendon,108
3901,Sussex,230
2914,Guayama,177
2284,Chitipa,131
1729,Babil,104
113,Algiers,3
2576,Narayani,153
3770,Dnipropetrovska,228
3856,Isle Of Man,230
191,Uige,6
2358,Outer Harbour,135
243,Yerevan,11
2209,Gamprin,125
16,Jharkhand,101
1149,South Pacific,73
4050,Dong Nai,238
1501,Grande-Terre,88
1898,Verbano-Cusio-Ossola,107
1144,Torshavn,72
1520,Tamuning,89
2192,Tarabulus,124
3844,Fermanagh,230
2031,Tamana,114
734,Aomen,44
3511,Kilimanjaro,216
2753,Khan Yunis,168
3641,Jundubah,222
2077,Taejeon,116
3237,Woqoyi Galbed,201
150,Tiyarat,3
3601,Uttaradit,217
3460,Halab,213
1440,Iraklion,85
961,Vejle,58
1389,Osterode,82
1577,Labe,92
3415,Sodermanland,211
967,Tajurah,59
1680,Kalimantan Tengah,102
1066,al-Iskandariyah,64
2057,Goyang-si,116
316,Crooked Island,16
3761,Vaitupu,226
3361,Janub Kurdufan,207
1075,as-Suways,64
976,Saint Patrick,60
2438,Guanajuato,142
2672,Nassarawa,160
2045,Pyeongyang,115
2786,New Ireland,170
3370,Warab,207
1253,Le Creusot,75
1026,Chimborazo,63
369,Lalmanir Hat,18
1033,Loja,63
1487,Qasigiannguit,86
3202,Obcina Domzale,198
3729,Rize,223
2944,Buzau,180
2797,Asuncion,171
3497,Yilan,214
3125,Gagaifomauga,188
3302,Ourense,205
3995,San Jose,233
262,Hawthorn,13
3753,South Caicos and East Caicos,225
3227,Gedo,201
2691,Aust Agder,164
1640,Borsod-Abauj-Zemplen,99
4023,Aragua,237
230,Tierra del Fuego,10
4058,Thai Nguyen,238
2073,Pusan,116
2741,Ngchesar,167
2447,Oaxaca,142
2115,Xaignabury,119
1413,Ahaia,85
33,Rajasthan,101
3228,Hiran,201
1695,Sulawesi Utara,102
1558,Boffa,92
23,Manipur,101
1722,Qazvin,103
3946,Minnesota,231
2988,Chechenija,181
2304,Salima,131
746,Hebei,44
1048,Cairo,64
3790,Ternopil''s''ka,228
3226,Galgudug,201
1326,Haut-Ogooue,79
3816,Buckinghamshire,230
2265,Shtip,129
2460,Chuuk,143
3948,Missouri,231
88,Kruje,2
970,Saint David,60
533,Rio de Janeiro,30
956,Soeborg,58
4116,Mashonaland West,246
3032,Moskva,181
678,Fogo,39
2478,La Condamine,145
716,Tandjile,42
2943,Bucuresti,180
632,Kampong Chhnang,36
1944,Nagano,109
786,Cesar,47
3791,Volyns''ka,228
1686,Nusa Tenggara Barat,102
3399,Dalarna,211
2156,al-Janub,121
2771,Los Santos,169
2412,Black River,140
2022,Makin,114
22,Maharashtra,101
412,Saint Thomas,19
2417,Moka,140
2178,Nimba,123
1058,Sawhaj,64
2318,Perlis,132
760,Shaanxi,44
597,Namentenga,34
541,Belait,32
3956,New York,231
2496,Ovorhangaj,146
2847,Greater Metropolitan Area,173
3557,Nakhon Si Thammarat,217
2676,Osun,160
890,Vukovar-Srijem,54
3656,Tunis,222
3552,Nakhon Nayok,217
2219,Anyksciai,126
1107,Jarva,68
1133,Cocos Islands,70
2624,Boaco,158
125,Ilizi,3
1021,Viqueque,62
2366,Peel,136
3617,Arima-Tunapuna-Piarco,221
280,Burgenland,14
3913,Wiltshire,230
3383,Coronie,208
4011,Surhondar,234
2553,Erongo,151
3379,an-Nil-al-Azraq,207
2659,Edo,160
1948,Oita,109
1595,Quinara,93
3195,Benedikt,198
2787,North Solomons,170
4119,Matabeleland South,246
2527,Gaza,149
1300,Tarn,75
2705,Sogn og Fjordane,164
2630,Jinotega,158
1328,Ngounie,79
3409,Norrbotten,211
4047,Da Nang,238
2086,Safat,117
2578,Sagarmatha,153
891,Zadar,54
2887,Stare Pole,175
2836,Batangas,173
1513,Inarajan,89
1666,Aceh,102
1752,Clare,105
681,Santo Antao,39
2221,Klaipedos,126
3540,Kamphaeng Phet,217
3626,Princes Town,221
1211,Correze,75
4098,Montenegro,244
3974,Virginia,231
3017,Korjakija,181
1179,Uusimaa,74
3793,Zakarpats''ka,228
2218,Alytaus,126
1990,Akmola,112
1803,Abruzzo,107
1480,Maniitsoq,86
3569,Phetchaburi,217
814,Kouilou,49
3126,Palauli,188
254,Castle Hill,13
3,Arunachal Pradesh,101
385,Noakhali,18
1370,Land Baden-Wurttemberg,82
1336,Brikama,80
2023,Marakei,114
499,Kgalagadi South,28
1470,Voiotia,85
469,Rinpung,25
2352,Segou,134
272,Templestowe,13
3151,Eastern Province,191
3193,Trnavsky,197
1589,Bafata,93
1749,Armagh,105
1798,Tel Aviv,106
1143,Sy ra Eysturoy,72
3000,Irkutsk,181
3715,Kirsehir,223
1672,Gorontalo,102
3049,Saha,181
2323,Sembilan,132
2173,Grand Gedeh,123
1311,Vienne,75
2365,Onchan,136
1283,Puy-de-Dome,75
3896,Southwell,230
3332,Madakalpuwa,206
2773,Panama,169
3663,Adana,223
2738,Ngardmau,167
3183,Northern,195
1551,Saint Pierre du Bois,91
3244,Limpopo,202
3139,Serravalle,189
2648,Abuja Federal Capital Territor,160
1534,Peten,90
636,Kandal,36
916,Jihocesky Kraj,57
85,Kavaje,2
3013,Khabarovskiy Kray,181
1902,Viterbo,107
1747,as-Sulaymaniyah,104
3630,Sangre Grande,221
1880,Sicilia,107
1162,Kymenlaakso,74
3235,Shabellaha Hose,201
1015,Dili,62
3159,Western Province,191
1423,Drama,85
3707,Karaman,223
460,Chhukha,25
149,Tisamsilt,3
3853,Herefordshire,230
1037,Napo,63
1319,Marquesas,77
2687,Rota,163
1792,Jerusalem,106
1527,El Progreso,90
3096,Saint Paul Capesterre,184
873,Istra,54
93,Librazhd,2
3573,Phrae,217
1231,Haute-Corse,75
1156,Ita-Suomen Laani,74
3606,Maritime,218
3743,Yalova,223
2643,Niamey,159
2032,Tarawa North,114
1802,Abruzzi,107
552,Kjustendil,33
1941,Mie,109
2387,Mili,137
1753,Cork,105
3874,Monmouthshire,230
1712,Kerman,103
1083,La Union,65
3109,Micoud,185
3987,Lavalleja,233
1810,Avellino,107
971,Saint George,60
2346,Bamako,134
3106,Dennery,185
1492,Uummannaq,86
105,Skrapar,2
66,Qandahar,1
44,Baglan,1
206,Saint Peter,9
416,Mahiljow,20
2726,North-West Frontier,166
2326,Alif Dhaal,133
1554,Sark,91
2757,Ram Allah wal-Birah,168
1919,Akita,109
1468,Thessaloniki,85
3930,Florida,231
975,Saint Mark,60
4111,Bulawayo,246
3107,Gros Inlet,185
2167,Quthing,122
1831,Emilia-Romagna,107
539,Tocantins,30
1323,Crozet Islands,78
1676,Jawa Tengah,102
639,Krong Kaeb,36
3492,Tainan Shih,214
1425,Evritania,85
3988,Maldonado,233
462,Daga,25
3924,California,231
123,Ghalizan,3
2042,Nampo,115
387,Panchagarh,18
336,ar-Rifa''a,17
1481,Nanortalik,86
2076,Taegu,116
3325,Galla,206
845,Guanacaste,52
184,Kwanza Sul,6
509,South East,28
2598,Zeeland,155
2212,Ruggell,125
3967,South Dakota,231
703,Batha,42
3516,Mtwara,216
1043,Zamora Chinchipe,63
3456,Aleppo,213
2377,Jabat,137
549,Haskovo,33
3496,Taoyuan,214
2742,Ngerchelong,167
1933,Iwate,109
573,Vraca,33
615,Bujumbura,35
2183,Banghazi,124
2549,Shan,150
1471,West Greece,85
3732,Sanliurfa,223
3376,al-Qadarif,207
224,Salta,10
2801,Canendiyu,171
798,Putumayo,47
2611,Marlborough,157
1297,Somme,75
1523,Alta Verapaz,90
1060,Sina ash-Shamaliyah,64
2101,Bokeo,119
5,Bihar,101
3039,Omsk,181
850,Abidjan,53
3756,Nanumea,226
3504,Sughd,215
4044,Bac Giang,238
2615,Rodney,157
57,Kunar,1
3695,Gaziantep,223
1215,Creuse,75
2090,al-Jahra,117
3466,al-Hasakah,213
3527,Ang Thong,217
3412,Saltsjo-Boo,211
293,Vorarlberg,14
2363,Douglas,136
979,Azua,61
1277,Orne,75
512,Acre,30
3455,Zurich,212
2026,Onotoa,114
2931,Saint-Denis,179
2391,Ujae,137
418,Minsk,20
1649,Nograd,99
2762,al-Quds,168
667,Newfoundland and Labrador,38
3005,Kabardino-Balkarija,181
2700,Oestfold,164
3635,Bin ''Arus,222
3124,Gaga''emauga,188
3480,Kaohsiung Shih,214
2434,Colima,142
346,Chittagong Division,18
242,Vayots Dzor,11
1946,Nara,109
1153,Etela-Pohjanmaa,74
623,Makamba,35
3115,Grenadines,187
330,Jidd Hafs,17
294,Wien,14
3800,Sharjah,229
3938,Kentucky,231
2940,Botosani,180
1087,San Vicente,65
559,Plovdiv,33
3048,Rostov,181
2401,Brakna,139
1458,Nomos Zakynthou,85
2960,Maramures,180
3500,Dushanbe,215
929,Praha,57
1032,Imbabura,63
314,Biminis,16
2947,Cluj,180
2226,Taurages,126
1758,Kildare,105
4120,Midlands,246
799,Quindio,47
3004,Jevrej,181
1768,Meath,105
662,Sudouest,37
1329,Nyanga,79
2325,Alif Alif,133
1965,Yamanashi,109
322,Mayaguana,16
2240,Remich,127
1398,Webling,82
1205,Cantal,75
2415,Floreal,140
3623,Penal Debe,221
3336,Matale,206
2852,Metropolitan Manila Area,173
2407,Qidimagha,139
1645,Hajdu-Bihar,99
3559,Narathiwat,217
3112,Miquelon-Langlade,186
4059,Thanh Pho Ho Chi Minh,238
3321,Anuradhapuraya,206
2275,Antsiranana,130
879,Medimurska Zupanija,54
2768,Embera,169
2370,Ailinlaplap,137
3687,Denizli,223
1367,Hessen,82
1085,San Miguel,65
3484,Nantou,214
999,Puerto Plata,61
1910,Saint Ann,108
359,Jhalakati,18
1390,Rheinland-Pfalz,82
940,Zlinsky,57
2739,Ngaremlengui,167
427,East Flanders,21
1907,Manchester,108
2734,Kayangel,167
3007,Kalmykija,181
1182,Aisne,75
2132,Liepaja,120
3189,Kosicky,197
1727,Yazd,103
1582,Mandiana,92
1834,Florence,107
1267,Mayenne,75
1350,Samagrelo-Zemo Svaneti,81
2416,Grand Port,140
144,Tamanghasat,3
302,Mugan-Salyan,15
613,Zoundweogo,34
1095,Kie-Ntem,66
2322,Selangor,132
1769,Monaghan,105
1041,Sucumbios,63
3627,Saint George,221
962,Vestsjalland,58
3421,Vasternorrland,211
2267,Struga,129
2413,Eau Coulee,140
181,Huila,6
1159,Kanta-Hame,74
3427,Basel-Landschaft,212
771,Zhejiang,44
3959,Ohio,231
1839,Gorizia,107
1624,El Paraiso,97
2111,Savannakhet,119
461,Chirang,25
3309,Sevilla,205
2779,Fly River,170
135,Oran,3
1569,Gueckedou,92
2816,Ayacucho,172
1053,Muhafazat al Fayyum,64
1452,Lasithi,85
83,Gramsh,2
4013,Malampa,235
1092,Bioko Norte,66
563,Silistra,33
449,Collines,23
324,Ragged Island,16
3927,Connecticut,231
3343,Polonnaruwa,206
2888,Swietokrzyskie,175
2448,Puebla,142
351,Feni,18
2942,Brasov,180
4015,Sanma,235
3992,Rivera,233
2622,Atlantico Norte,158
3254,A Coruna,205
2176,Maryland and Grand Kru,123
1873,Reggio Emilia,107
2102,Bolikhamsay,119
2082,Al Asimah,117
4077,Adan,243
3269,Cadiz,205
2245,Bitola,129
3507,Dodoma,216
3982,Cerro Largo,233
158,al-Aghwat,3
3057,Sverdlovsk,181
2337,Lhaviyani,133
4075,al-''Ayun,242
1538,Sacatepequez,90
658,Nord Extreme,37
45,Balkh,1
2982,Arhangelsk,181
4037,Portuguesa,237
1827,Como,107
1503,La Desirade,88
3739,Trabzon,223
1698,Sumatera Utara,102
345,Chattagam,18
1410,Western,83
1313,Yonne,75
3386,Para,208
1840,L''Aquila,107
624,Muramvya,35
2373,Aur,137
1222,Eure,75
3622,Glencoe,221
3894,South Wales,230
2626,Chinandega,158
3086,Saint Helena,183
815,Lekoumou,49
2273,Vinica,129
389,Pirojpur,18
4103,Copperbelt,245
2277,Mahajanga,130
2079,Ulsan,116
988,Hato Mayor,61
1863,Pavia,107
3319,Zaragoza,205
3817,Cambridge,230
3823,Conwy,230
3917,Wurttemberg,230
1412,Acharnes,85
2978,Aga,181
545,Blagoevgrad,33
2161,Leribe,122
1030,Galapagos,63
2148,Ventspils,120
2760,Tulkarm,168
1196,Aveyron,75
3994,Salto,233
1787,Haifa District,106
1703,Bushehr,103
3929,District of Columbia,231
1742,al-Anbar,104
831,Sud-Kivu,50
2136,Madonas,120
3393,Manzini,210
463,Geylegphug,25
3836,Durham,230
762,Shandong Sheng,44
1447,Kilkis,85
29,Odisha,101
210,Chaco,10
3960,Oklahoma,231
4088,Sana,243
3941,Maine,231
2058,Gyeonggi-do,116
3066,Udmurtija,181
1544,Zacapa,90
3073,Voronezh,181
2297,Nkhata Bay,131
355,Habiganj,18
2332,Ghaviyani,133
134,Naama,3
2715,Masqat,165
1580,Mali,92
1846,Lodi,107
1605,Upper Demerara-Berbice,94
2454,Tabasco,142
1620,Comayagua,97
2291,Mangochi,131
2616,Southland,157
52,Hilmand,1
3763,Eastern,227
1238,Hautes-Alpes,75
3541,Kanchanaburi,217
2008,North Eastern,113
2962,Mures,180
2764,Chiriqui,169
1450,Lakonia,85
1127,Mekele,69
1568,Gaoual,92
2995,Gorno-Altaj,181
1261,Lot-et-Garonne,75
1789,Hazafon,106
3981,Canelones,233
1202,Brittany,75
195,Sector claimed by Argentina/UK,8
781,Boyaca,47
4068,Saint John,240
2463,Yap,143
3832,Dial Code Dungannon,230
2492,Hovd,146
3223,Banadir,201
2850,Luzon,173
259,Clayton,13
3710,Kastamonu,223
2085,Qadesiya,117
1601,Essequibo Islands-West Demerar,94
3970,Texas,231
172,Les Escaldes,5
1044,Aswan,64
2157,an-Nabatiyah,121
2120,Bauskas,120
2689,Tinian,163
3949,Montana,231
1284,Pyrenees-Atlantiques,75
3890,Scottish Borders,230
3295,Lleida,205
2588,Flevoland,155
3449,Ticino,212
1693,Sulawesi Tengah,102
2654,Benue,160
3070,Vladimir,181
953,Roskilde,58
3566,Phatthalung,217
3976,West Virginia,231
652,Takaev,36
665,Manitoba,38
3448,Thurgau,212
3587,Satun,217
239,Stepanakert,11
3069,Ust-Orda,181
1573,Kissidougou,92
3699,Hatay,223
1754,Donegal,105
1184,Allier,75
120,Buirah,3
3346,Southern Province,206
3822,Co Fermanagh,230
778,Atlantico,47
3932,Hawaii,231
2268,Strumica,129
59,Lawghar,1
930,Rajhrad,57
582,Ganzourgou,34
1086,San Salvador,65
306,Qazax,15
2540,Kachin,150
3673,Aydin,223
1099,Debub,67
3578,Ratchaburi,217
3685,Cankiri,223
3175,Kosovo and Metohija,193
28,Natwar,101
1113,Rapla,68
106,Tepelene,2
468,Punakha,25
1952,Saga,109
1814,Benevento,107
1732,Dhi Qar,104
3637,Gouvernorat de Ariana,222
2310,Kuala Lumpur,132
1315,Cayenne,76
1949,Okayama,109
196,Sector claimed by Australia,8
1068,al-Jizah,64
1489,Sisimiut,86
2632,Madriz,158
3296,Lugo,205
467,Pemagatsel,25
3526,Amnat Charoen,217
138,Qustantinah,3
1959,Tokyo,109
904,Matanzas,55
2064,Kangweon,116
2139,Rezekne,120
1490,Udenfor kommunal inddeling,86
14,Himachal Pradesh,101
2924,al-Ghuwayriyah,178
3647,Qafsah,222
2065,Kwangju,116
1652,Szabolcs-Szatmar-Bereg,99
2455,Tamaulipas,142
3288,Huelva,205
1833,Firenze,107
146,Tibissah,3
2531,Maputo Provincia,149
3215,Isabel,200
3378,an-Nil-al-Abyad,207
912,Paphos,56
3908,West Lothian,230
258,Cherrybrook,13
3170,Saint-Louis,192
3714,Kirklareli,223
2593,Noord-Brabant,155
331,Mahama,17
4049,Dong Bang Song Hong,238
2044,Pyeongannamdo,115
519,Espirito Santo,30
2072,Kyunggi-do,116
876,Krapina-Zagorje,54
907,Santiago de Cuba,55
3132,Borgo Maggiore,189
653,Adamaoua,37
2432,Chihuahua,142
3155,Makkah,191
996,Monte Plata,61
3864,Lincolnshire,230
2719,ad-Dakhiliyah,165
4032,Lara,237
3242,Kramerville,202
2503,Montserrat,147
2127,Jelgava,120
2247,Debar,129
3230,Jubbadha Dexe,201
3130,Vaisigano,188
1804,Agrigento,107
728,Metropolitana de Santiago,43
2790,Simbu,170
2484,Bulgan,146
43,Badgis,1
2586,Benelux,155
3390,Svalbard,209
2010,Rift Valley,113
3731,Samsun,223
584,Gourma,34
2130,Kraslavas,120
2303,Rumphi,131
404,Saint George,19
1633,Santa Barbara,97
318,Exuma and Cays,16
2479,Monaco-Ville,145
3583,Samut Prakan,217
2334,Haa Dhaal,133
1931,Ibaraki,109
2526,Cabo Delgado,149
2141,Riga,120
3980,Artigas,233
1013,Bobonaro,62
3881,Northern Ireland,230
3143,Lobata,190
3718,Kutahya,223
3769,Crimea,228
2983,Astrahan,181
2424,Savanne,140
3530,Chachoengsao,217
168,Andorra la Vella,5
1119,Addis Abeba,69
1528,Escuintla,90
4087,Sa''dah,243
3317,Vizcaya,205
761,Shandong,44
3094,Saint John Figtree,184
50,Gazni,1
2235,Esch-sur-Alzette,127
445,Alibori,23
3807,Argyll,230
3513,Mara,216
637,Kaoh Kong,36
1459,Pella,85
1934,Kagawa,109
2564,Otjozondjupa,151
53,Jawzjan,1
4026,Carabobo,237
828,Kinshasa,50
3691,Elazig,223
3307,Santa Cruz de Tenerife,205
2783,Milne Bay,170
1224,Feucherolles,75
1602,Mahaica-Berbice,94
3564,Pattani,217
249,Bankstown,13
4065,Jost van Dyke,239
2482,Bajan-Olgij,146
785,Cauca,47
767,Xianggang,44
2351,Mopti,134
2030,Tabuaeran,114
1746,an-Najaf,104
2445,Nayarit,142
3030,Moskovskaja Oblast,181
2639,Agadez,159
1220,Drome,75
2817,Cajamarca,172
3150,Central Province,191
764,Shanxi,44
3103,Canaries,185
222,Neuquen,10
3084,Ascension,183
1287,Rhone,75
3706,Karabuk,223
1054,Muhafazat al Gharbiyah,64
1110,Laane-Viru,68
3545,Lampang,217
4090,Ta''izz,243
2542,Kayin,150
3701,Igdir,223
566,Sofija grad,33
2098,Osh,118
1571,Kerouane,92
3350,Western Province,206
2104,Houaphanh,119
1510,Chalan-Pago-Ordot,89
2511,Kenitra,148
3548,Lop Buri,217
1204,Calvados,75
3614,Niuas,220
2870,Lubelskie,175
194,Sector claimed by Argentina/Ch,8
388,Patuakhali,18
415,Hrodna,20
3805,Aberdeen,230
3281,Cordoba,205
525,Minas Gerais,30
1198,Basse-Normandie,75
860,Moyen-Cavally,53
118,Biskrah,3
1567,Fria,92
202,Saint George,9
1759,Kilkenny,105
811,Bouenza,49
503,Ngamiland,28
3588,Si Sa Ket,217
922,Liberecky,57
376,Munshiganj,18
1042,Tungurahua,63
3572,Phra Nakhon Si Ayutthaya,217
1407,Upper East,83
3306,Salamanca,205
3259,Andalucia,205
1823,Cartoceto,107
2239,Redange,127
3122,Atua,188
766,Tianjin,44
1584,Pita,92
1016,Ermera,62
3397,Blekinge,211
3053,Sankt-Peterburg,181
3861,Lanarkshire,230
510,Sowa,28
403,Saint Andrew,19
1040,Pichincha,63
1354,Auvergne,82
2105,Khammouane,119
77,Devoll,2
742,Guangdong Sheng,44
2103,Champasak,119
3040,Orenburg,181
1509,Barrigada,89
741,Guangdong,44
2066,Kyeonggi,116
3664,Adiyaman,223
3775,Khersonska,228
2255,Kratovo,129
3873,Mildenhall,230
2164,Mohale''s Hoek,122
2020,Kuria,114
3759,Nukufetau,226
3171,Tambacounda,192
3918,Yorkshire,230
3696,Giresun,223
2794,Alto Paraguay,171
3407,Kristianstads,211
3192,Trenciansky,197
3099,Saint Thomas Lowland,184
3188,Bratislavsky,197
3773,Kharkiv,228
3389,Wanica,208
2569,Gandaki,153
2250,Gevgelija,129
2710,Vest Agder,164
2205,ash-Shati,124
2340,Nuun,133
1403,Central,83
1418,Attica,85
2721,al-Batinah,165
479,Cochabamba,26
2461,Kusaie,143
570,Varna,33
3450,Uri,212
3650,Sfax,222
1091,Annobon,66
2809,Paraguari,171
2181,Ajdabiya,124);
3900,Surrey,230
1504,Marie-Galante,88
356,Jaipur Hat,18
410,Saint Peter,19
2891,Wejherowo,175
694,Mbomou,41
844,Cartago,52
2971,Teleorman,180
2015,Arorae,114
3298,Malaga,205
861,Moyen-Comoe,53
3958,North Dakota,231
2403,Hudh-al-Gharbi,139
3811,Berkshire,230
1273,Nievre,75
2819,Huancavelica,172
1930,Hyogo,109
2999,Ingusetija,181
4003,Fargona,234
2559,Ohangwena,151
1923,Fukui,109
3964,Ramey,231
1356,Bavaria,82
731,Anhui,44
1296,Seine-et-Marne,75
2636,Nueva Segovia,158
544,Tutong,32
3837,East Dunbartonshire,230
2283,Chiradzulu,131
2282,Chikwawa,131
4002,Cizah,234
2744,Peleliu,167
2814,Apurimac,172
2684,Niue,161
1064,al-Fayyum,64
1164,Lappi,74
1258,Loiret,75
1212,Corse-du-Sud,75
2149,Ventspils City,120
231,Tucuman,10
1976,Trinity,110
2040,Kaeseong,115
36,Telangana,101
1648,Komarom-Esztergom,99
277,Bundesland Salzburg,14
1154,Etela-Savo,74
720,Atacama,43
358,Jessor,18
2974,Valcea,180
3221,Awdal,201
1194,Aude,75
3916,Wrexham,230
21,Madhya Pradesh,101
3368,Sharq-al-Istiwa''iyah,207
1140,Sandoy,72
326,San Salvador,16
421,Vicebsk,20
3640,Hammamet Yasmine,222
937,Valletta,57
2584,Sint Maarten,154
3042,Penza,181
2027,Phoenix Islands,114
1008,Valverde,61
606,Sissili,34
1603,Pomeroon-Supenaam,94
1332,Ogooue-Maritime,79
2916,Mayaguez-Aguadilla,177
3333,Maha Nuwara,206
1653,Tolna,99
94,Lushnje,2
247,Balgowlah,13
657,Nord,37
3755,Nanumanga,226
2566,Bagmati,153
3274,Ciudad Real,205
3544,Krung Thep,217
2395,Fort-de-France,138
1592,Cacheu,93
2062,Jeju-Si,116
3136,Fiorentino,189
1763,Limerick,105
1784,Centre,106
4069,Saint Thomas,240
3446,Schwyz,212
3783,Mykolayivs''ka,228
1486,Qaqortoq,86
1465,Samos,85
3771,Donets''ka,228
1228,Gers,75
396,Sherpur,18
2889,Warminsko-Mazurskie,175
287,Salzburg,14
1411,Gibraltar,84
1894,Valle d''Aosta,107
3962,Oregon,231
1796,Qalqilya,106
2776,East Sepik,170
1138,Nor ara Eysturoy,72
700,Ouham-Pende,41
1408,Upper West,83
772,Zhejiang Sheng,44
2966,Salaj,180
3253,Central Equatoria,204
366,Kurigram,18
3149,Asir,191
2905,Distrito do Porto,176
3152,Ha''il,191
148,Tinduf,3
1363,Freistaat Bayern,82
2929,ash-Shamal,178
2047,Busan,116
3990,Paysandu,233
698,Ouaka,41
1861,Padova,107
3214,Guadalcanal,200
1088,Santa Ana,65
1521,Yigo,89
2378,Jaluit,137
853,Denguele,53
3001,Ivanovo,181
476,Wangdiphodrang,25
695,Nana-Gribizi,41
1391,Rhineland-Palatinate,82
855,Fromager,53
1726,Tehran,103
553,Lovech,33
1908,Portland,108
2372,Arno,137
2311,Labuan,132
47,Farah,1
2177,Montserrado,123
60,Nangarhar,1
3098,Saint Peter Basseterre,184
2660,Ekiti,160
3914,Wokingham,230
1986,al-Mafraq,111
1429,Fokis,85
2140,Rezeknes,120
4034,Miranda,237
881,Osjecko-Baranjska Zupanija,54
680,Sal,39
1635,Yoro,97
634,Kampong Thum,36
3848,Gainsborough,230
507,Orapa,28
869,Zanzan,53
178,Cabinda,6
315,Cat Island,16
917,Jihochesky,57
3093,Saint John Capesterre,184
1496,Saint George''s,87
2875,Mirkow,175
3025,Lipeck,181
4114,Mashonaland Central,246
806,Vaupes,47
3669,Ankara,223
3076,Cyangugu,182
3263,Balears,205
2730,Aimeliik,167
2286,Dowa,131
2864,Hopowo,175
1547,Forest,91
663,Alberta,38
874,Karlovac,54
3487,Pingtung,214
3764,Northern,227
3789,Sums''ka,228
579,Boulgou,34
2271,Valandovo,129
204,Saint Mary,9
1598,Cuyuni-Mazaruni,94
3320,Amparai,206
1909,Saint Andrews,108
3424,Aargau,212
3688,Diyarbakir,223
2956,Hunedoara,180
78,Dibre,2
1274,Nord,75
905,Pinar del Rio,55
3903,Tyne and Wear,230
2202,al-Khums,124
2168,Thaba-Tseka,122
3928,Delaware,231
1063,al-Buhayrah,64
676,Boavista,39
1141,Streymoy,72
1380,Lower Saxony,82
2537,Ayeyarwady,150
1316,Saint-Laurent-du-Maroni,76
3776,Khmel''nyts''ka,228
3991,Rio Negro,233
1618,Choluteca,97
4085,Ma''rib,243
2214,Schellenberg,125
3923,Byram,231
960,Toelloese,58
51,Herat,1
1461,Piraios,85
1247,Jura,75
267,Northern Territory,13
3505,Arusha,216
3314,Toledo,205
1765,Longford,105
954,Roslev,58
252,Camberwell,13
1566,Forecariah,92
910,Limassol,56
1850,Mantova,107
3659,al-Mahdiyah,222
2359,South Eastern,135
289,Steiermark,14
2545,Mon,150
3459,Dimashq,213
933,Straz nad Nisou,57
482,Pando,26
263,Jannnali,13
2570,Janakpur,153
3462,Hims,213
830,Nord-Kivu,50
1984,al-Balqa,111
1772,Sligo,105
1619,Colon,97
673,Quebec,38
1488,Qeqertarsuaq,86
655,Est,37
1125,Harar,69
1163,Lansi-Suomen Laani,74
1671,Gandaria,102
1299,Souvans,75
2182,Fezzan,124
518,Distrito Federal,30
2981,Amur,181
2295,Mzimba,131
127,Jilfah,3
3114,Charlotte,187
393,Rangpur,18
3841,East Yorkshire,230
2335,Kaaf,133
3602,Yala,217
2894,Zachodnio-Pomorskie,175
1955,Shimane,109
323,New Providence,16
1719,Markazi,103
3092,Saint James Windward,184
3023,Kursk,181
2568,Dhawalagiri,153
30,Paschim Medinipur,101
3491,Tainan Hsien,214
3444,Sankt Gallen,212
3342,Nuwara Eliya,206
3351,Yapanaya,206
3219,Temotu,200
394,Satkhira,18
211,Chubut,10
3324,Colombo,206
3046,Pskovskaya Oblast,181
4078,Abyan,243
2567,Bheri,153
701,Sangha-Mbaere,41
3270,Cantabria,205
2826,Loreto,172
1381,Mecklenburg-Vorpommern,82
1947,Niigata,109
2686,Northern Islands,163
474,Timphu,25
174,Sant Julia de Loria,5
3247,Northern Cape,202
1871,Potenza,107
2251,Gostivar,129
3747,Asgabat,224
2893,Wroclaw,175
1809,Asti,107
630,Bat Dambang,36
56,Khawst,1
614,Bubanza,35
245,Auckland,13
1688,Papua,102
1171,Pohjois-Karjala,74
1585,Siguiri,92
935,Unicov,57
4072,Wallis,241
3734,Sinop,223
3364,Nahr-an-Nil,207
2577,Rapti,153
1112,Polva,68
1271,Morbihan,75
3902,Twickenham,230
2152,Mohafazat Liban-Nord,121
1617,Atlantida,97
894,Ciego de Avila,55
253,Carole Park,13
2133,Liepajas,120
3613,Ha''apai,220
629,Banteay Mean Chey,36
3858,Kenford,230
117,Bijayah,3
490,Central Mahalapye,28
305,Priaraks,15
1773,Tipperary North Riding,105
406,Saint John,19
40,Vaishali,101
847,Limon,52
2315,Pahang,132
848,Puntarenas,52
2357,Northern,135
3041,Orjol,181
2193,Tarhunah,124
1903,Buxoro Viloyati,108
408,Saint Lucy,19
2663,Imo,160
2361,Western,135
488,Central Bobonong,28
3027,Marij El,181
269,Queensland,13
1474,Aasiaat,86
4008,Navoi,234
886,Slavonski Brod-Posavina,54
2113,Viangchan Prefecture,119
4001,Buxoro Viloyati,234
71,Uruzgan,1
2935,Arad,180
3083,Ruhengeri,182
3670,Antalya,223
2910,Arecibo,177
1791,Jaffa,106
3067,Uljanovsk,181
3461,Hamah,213
3741,Usak,223
1667,Bali,102
833,Atiu,51
2717,Rusayl,165
3795,Zhytomyrs''ka,228
4066,Tortola,239
585,Houet,34
3033,Murmansk,181
1701,Azarbayjan-e Bakhtari,103
823,Equateur,50
2948,Constanta,180
992,La Vega,61
505,North East,28
2938,Bihor,180
3899,Suffolk,230
2000,Pavlodar,112
1637,Bacs-Kiskun,99
2278,Toamasina,130
1877,Sardegna,107
1541,Solola,90
540,British Indian Ocean Territory,31
1400,schlobborn,82
745,Hainan,44
3724,Mus,223
3061,Tjumen,181
2117,Aizkraukles,120
603,Sanguie,34
1482,Narsaq,86
1172,Pohjois-Pohjanmaa,74
4027,Cojedes,237
1340,Kuntaur,80
3191,Presovsky,197
3239,Free State,202
548,Gabrovo,33
2422,Rodrigues,140
3782,Luhans''ka,228
2272,Veles,129
2782,Manus,170
863,Sassandra,53
3003,Jaroslavl,181
899,Habana,55
1364,Hamburg,82
372,Maimansingh,18
2923,ad-Dawhah,178
737,Chongqing,44
2213,Schaan,125
3252,South Georgia,203
1255,Loir-et-Cher,75
2661,Enugu,160
3380,ash-Shamaliyah,207
2288,Kasungu,131
3305,Pontevedra,205
2429,Baja California Sur,142
257,Cheltenham,13
616,Bururi,35
3145,Pague,190
1003,San Juan,61
1478,Ivittuut,86
2402,Dhakhlat Nawadibu,139
283,Liezen,14
3828,Denbighshire,230
547,Dobrich,33
1031,Guayas,63
759,Qinghai,44
4084,Lahij,243
2525,Wilaya de Rabat-Sale,148
321,Long Island,16
2671,Lagos,160
419,Minskaja Voblasts,20
3373,al-Buhayrat,207
1786,Hadaron,106
3834,Dorset,230
1402,Brong-Ahafo,83
3172,Thies,192
2641,Dosso,159
1980,Jarash,111
2220,Kauno,126
1905,Hanover,108
288,Schleswig-Holstein,14
1685,Maluku Utara,102
1866,Piacenza,107
3957,North Carolina,231
203,Saint John,9
2810,Presidente Hayes,171
1020,Manufahi,62
1793,Khefa,106
3129,Va''a-o-Fonoti,188
1061,ad-Daqahliyah,64
2815,Arequipa,172
276,Wheeler,13
1991,Aktobe,112
511,Bouvet Island,29
3954,New Jersy,231
2607,Christchurch,157
232,Aragatsotn,11
3495,Taitung,214
2241,Vianden,127
1254,Limousin,75
1443,Kavala,85
423,Berchem,21
26,Nagaland,101
2025,Nonouti,114
3999,Andijon,234
1132,Christmas Island,70
1518,Sinajana,89
2529,Manica,149
2989,Cheljabinsk,181
1293,Savoie,75
2876,Opolskie,175
2871,Lubuskie,175
2480,Monte Carlo,145
1019,Manatuto,62
3859,Kent,230
3536,Chiang Rai,217
3432,Geneve,212
4117,Masvingo,246
3758,Nui,226
1355,Baden-Wurttemberg,82
3885,Powys,230
1270,Midi-Pyrenees,75
3801,Sharjha,229
1632,Olancho,97
1890,Trento,107
121,Bumardas,3
1782,Bethlehem,106
802,Santander,47
1636,Hong Kong,98
1203,Burgundy,75
1097,Wele-Nzas,66
2909,Paivas,176
1242,Ile-de-France,75
2364,Laxey,136
2581,Curacao,154
1704,Chahar Mahal-e Bakhtiari,103
2793,Western Highlands,170
527,Paraiba,30
902,La Habana,55
3416,Stockholm,211
800,Risaralda,47
2679,Rivers,160
1583,Nzerekore,92
268,Perth,13
864,Savanes,53
377,Naral,18
2339,Miim,133
3950,Nebraska,231
932,South Moravian,57
1658,Gullbringusysla,100
2885,Rzeszow,175
3925,Cokato,231
1596,Tombali,93
1082,La Paz,65
2406,Nawakshut,139
3055,Smolensk,181
715,Salamat,42
2470,Lapusna,144
1956,Shizuoka,109
422,Antwerpen,21
4000,Buhoro,234
1864,Perugia,107
668,Northwest Territories,38
3213,Choiseul,200
2236,Grevenmacher,127
401,Thakurgaon,18
841,Rarotonga,51
86,Kolonje,2
2561,Omusati,151
4009,Samarkand,234
838,Nassau,51
1519,Talofofo,89
3089,Saint Anne Sandy Point,184
1674,Jambi,102
3986,Flores,233
542,Brunei-Muara,32
620,Karuzi,35
2087,Salmiya,117
995,Monte Cristi,61
3142,Lemba,190
1922,Ehime,109
688,Basse-Kotto,41
1663,Su urnes,100
92,Lezhe,2
1699,Yogyakarta,102
2301,Ntchisi,131
3577,Ranong,217
3592,Suphan Buri,217
647,Prey Veaeng,36
2505,Casablanca,148
674,Saskatchewan,38
3750,Lebap,224
3428,Basel-Stadt,212
1625,Francisco Morazan,97
420,Petrik,20
2565,Yaren,152
1818,Bolzano,107
3633,Aryanah,222
1988,az-Zarqa,111
1161,Keski-Suomi,74
151,Tizi Wazu,3
1820,Brindisi,107
3467,al-Ladhiqiyah,213
2462,Pohnpei,143
3315,Valencia,205
2399,Adrar,139
1383,Munich,82
3398,Bohuslan,211
3937,Kansas,231
3180,Takamaka,194
2650,Akwa Ibom,160
3523,Tabora,216
1378,Land Sachsen-Anhalt,82
1951,Osaka,109
3141,Cantagalo,190
4071,Singave,241
2560,Omaheke,151
2728,Punjab,166
2530,Maputo,149
2476,Ungheni,144
2703,Rogaland,164
459,Bumthang,25
1421,Crete,85
2802,Central,171
1361,Bremen,82
1998,Mankistau,112
190,Namibe,6
1264,Maine-et-Loire,75
3620,Couva-Tabaquite-Talparo,221
4095,al-Mahwit,243
2110,Saravan,119
4017,Tafea,235
837,Mitiaro,51
1280,Pays de la Loire,75
452,Littoral,23
1643,Fejer,99
732,Anhui Province,44
1077,Ahuachapan,65
2600,Iles,156
1586,Telimele,92
2868,Kujawsko-Pomorskie,175
1415,Argolis,85
440,Cayo,22
3475,Hsinchu Hsien,214
1683,Lampung,102
1007,Santiago Rodriguez,61
3955,New Mexico,231
3730,Sakarya,223
1684,Maluku,102
3694,Eskisehir,223
2937,Bacau,180
2824,Lambayeque,172
112,Adrar,3
2589,Friesland,155
1843,Lecco,107
1430,Fthiotis,85
3138,San Marino,189
1550,Saint Peter Port,91
2159,Berea,122
1382,Mulfingen,82
816,Likouala,49
3554,Nakhon Phanom,217
1575,Koundara,92
1348,Mcheta-Mtianeti,81
1103,Semien-Keih-Bahri,67
2939,Bistrita-Nasaud,180
1557,Beyla,92
2688,Saipan,163
3434,Graubunden,212
3672,Artvin,223
3162,al-Madinah,191
1157,Ita-Uusimaa,74
3681,Bolu,223
1960,Tottori,109
2867,Krakow,175
3680,Bitlis,223
1842,Lecce,107
2490,Govisumber,146
748,Henan,44
832,Aitutaki,51
3525,Zanzibar and Pemba,216
3375,al-Khartum,207
3472,Chiayi Hsien,214
329,Hidd,17
3231,Mudug,201
109,Vlore,2
2640,Diffa,159
2410,Tiris Zammur,139
1512,Hagatna,89
2498,Suhbaatar,146
3839,East Midlands,230
2215,Triesen,125
1788,Hamerkaz,106
1467,Thesprotia,85
4093,al-Jawf,243
669,Nova Scotia,38
212,Cordoba,10
941,Arhus,58
2811,San Pedro,171
1286,Quelmes,75
2842,Central Mindanao,173
2056,Gangwon-do,116
2146,Valkas,120
646,Preah Vihear,36
514,Amapa,30
3147,Aseer,191
2911,Bayamon,177
2918,Salinas,177
565,Smoljan,33
3810,Belfast,230
1985,al-Karak,111
2075,Sudogwon,116
3951,Nevada,231
3419,Vasterbotten,211
1989,Akmecet,112
1623,Distrito Central,97
1608,Centre,95
2019,Kiritimati,114
2743,Ngiwal,167
2244,Berovo,129
4094,al-Mahrah,243
1369,Laasdorf,82
3585,Samut Songkhran,217
2683,Zamfara,160
3854,Hertfordshire,230
3851,Hampshire,230
3875,Newton Stewart,230
2915,Humacao,177
704,Biltine,42
1117,Viljandi,68
3815,Bristol,230
2114,Viangchan Province,119
3812,Birmingham,230
2253,Kichevo,129
925,Olomoucky,57
197,Sector claimed by France,8
691,Kemo,41
82,Gjirokaster,2
2582,Saba,154
1014,Cova Lima,62
625,Muyinga,35
3921,Arizona,231
2229,Utenos,126
3404,Jamtland,211
2835,Ucayali,172
3889,Scotland,230
2592,Limburg,155
2946,Caras-Severin,180
1223,Eure-et-Loir,75
143,Suq Ahras,3
271,Tasmania,13
2908,Norte,176
887,Split-Dalmacija,54
2060,Gyeongsangnam-do,116
650,Stueng Traeng,36
2518,Sala Al Jadida,148
3997,Tacuarembo,233
3443,Obwalden,212
4074,Wad-adh-Dhahab,242
4113,Manicaland,246
2354,Tombouctou,134
1093,Bioko Sur,66
4006,Korakalpogiston,234
1665,Vesturland,100
2018,Butaritari,114
1473,Zakinthos,85
1530,Huehuetenango,90
744,Guizhou,44
320,Inagua Islands,16
946,Kobenhavn,58
3661,al-Qasrayn,222
3657,Zaghwan,222
2477,Fontvieille,145
2594,Noord-Holland,155
1622,Cortes,97
3210,Zasavska,198
221,Misiones,10
621,Kayanza,35
2263,Radovish,129
3745,Zonguldak,223
2784,Morobe,170
433,Ontario,21
2538,Bago,150
2917,Ponce,177
1942,Miyagi,109
2041,Kangweon,115
2494,Omnogovi,146
2591,Groningen,155
1165,Northern Savonia,74
3742,Van,223
2436,Durango,142
840,Rakahanga,51
4030,Falcon,237
689,Haut-Mbomou,41
2052,Chungcheongbuk,116
466,Mongar,25
2967,Satu Mare,180
3520,Ruvuma,216
3337,Matara,206
3975,Washington,231
1055,Muhafazat al Iskandariyah,64
2394,Wotje,137
1210,Cher,75
2628,Esteli,158
949,Nordjylland,58
1146,Central,73
2097,Naryn,118
1767,Mayo,105
3935,Indiana,231
89,Kucove,2
3181,Victoria,194
692,Lobaye,41
1982,Madaba,111
1673,Jakarta,102
2818,Cusco,172
110,Ayn Daflah,3
1869,Pisa,107
3338,Monaragala,206
3102,Anse-la-Raye,185
3692,Erzincan,223
3884,Oxford,230
3840,East Sussex,230
2558,Kunene,151
3852,Hants,230
3362,Junqali,207
857,Lacs,53
2610,Manawatu-Wanganui,157
2225,Shiauliu,126
1868,Piemonte,107
4046,Binh Duong,238
3762,Central,227
304,Naxcivan,15
2920,Doha,178
640,Krong Pailin,36
2068,Kyeongsangnam,116
2428,Baja California,142
997,Pedernales,61
2502,Zavhan,146
1269,Meuse,75
2536,Zambezia,149
3508,Iringa,216
2514,Oriental,148
2950,Dambovita,180
2849,Laguna,173
399,Sunamganj,18
2233,Diekirch,127
3211,Pitcairn,199
1862,Parma,107
1911,Saint Catherine,108
2154,Sidon,121
1655,Veszprem,99
617,Cankuzo,35
3442,Nidwalden,212
1217,Deux-Sevres,75
13,Haryana,101
780,Bolivar,47
1455,Magnisia,85
2069,Kyonggi-do,116
2184,Darnah,124
2696,Hordaland,164
1147,Eastern,73
611,Yatenga,34
2170,Bong,123
1105,Hiiu,68
4101,Vojvodina,244
3712,Kilis,223
3871,Mid Glamorgan,230
2067,Kyeongsangbuk,116
789,Cundinamarca,47
2800,Caazapa,171
524,Mato Grosso do Sul,30
1744,al-Muthanna,104
3754,Funafuti,226
2459,Zacatecas,142
2795,Alto Parana,171
397,Silhat,18
2349,Kidal,134
3277,Comunidad Autonoma de Galicia,205
3575,Prachin Buri,217
3598,Ubon Ratchathani,217
690,Haute-Kotto,41
3679,Bingol,223
1801,Yerushalayim,106
921,Kralovehradecky,57
986,Elias Pina,61
2848,Ilocos,173
3893,South Glamorgan,230
3437,Kanton Aargau,212
442,Orange Walk,22
3406,Kalmar,211
3621,Diego Martin,221
3264,Barcelona,205
3784,Odes''ka,228
2197,Zlitan,124
1830,Cuneo,107
1783,Caesarea,106
656,Littoral,37
2869,Lodzkie,175
352,Gaybanda,18
1183,Albi Le Sequestre,75
2100,Attopu,119
2287,Karonga,131
3100,Saint Thomas Middle Island,184
1540,Santa Rosa,90
2080,Wonju,116
4028,Delta Amacuro,237
3090,Saint George Basseterre,184
3616,Vava''u,220
2386,Mejit,137
2854,Northern Mindanao,173
2796,Amambay,171
3255,Alacant,205
1120,Afar,69
1349,Racha,81
2121,Cesu,120
825,Kasai-Occidental,50
3111,Vieux Fort,185
3245,Mpumalanga,202
1145,Vaga,72
333,Sitrah,17
470,Samchi,25
2360,Valletta,135
729,Tarapaca,43
1970,Saint John,110
1973,Saint Mary,110
3326,Gampaha,206
2444,Morelos,142
2151,Jabal Lubnan,121
295,Abseron,15
451,Donga,23
3359,Gharb-al-Istiwa''iyah,207
1498,Saint Mark,87
3087,Tristan da Cunha,183
3468,al-Qunaytirah,213
3638,Gouvernorat de Nabeul,222
3586,Saraburi,217
1024,Canar,63
576,Bam,34
3354,Bahr-al-Jabal,207
108,Tropoje,2
2877,Ostrowiec,175
2884,Rymanowska,175
4108,Northern,245
2131,Kuldigas,120
348,Dhaka,18
1975,Saint Saviour,110
2150,Beirut,121
3835,Dunbartonshire,230
2949,Covasna,180
3062,Tomsk,181
1078,Cabanas,65
1656,Zala,99
2673,Niger,160
481,Oruro,26
589,Komandjari,34
68,Samangan,1
752,Jiangsu Sheng,44
4019,Vatican City State (Holy See),236
605,Seno,34
3186,Singapore,196
3204,Osrednjeslovenska,198
1537,Retalhuleu,90
751,Jiangsu,44
3134,Domagnano,189
1535,Quezaltenango,90
3709,Karsiyaka,223
1884,Taranto,107
1158,Kainuu,74
1570,Kankan,92
2862,Dolnoslaskie,175
747,Heilongjiang,44
1896,Veneto,107
2724,Federal Capital Area,166
852,Bafing,53
3430,Canton Ticino,212
708,Kanem,42
3985,FLorida,233
2169,Bomi,123
2217,Vaduz,125
1953,Saitama,109
3819,Channel Islands,230
2722,ash-Sharqiyah,165
1939,Kumamoto,109
534,Rondonia,30
3429,Bern,212
338,Bandarban,18
2609,Hawke''s Bay,157
4043,Zulia,237
1714,Khorasan,103
170,Encamp,5
278,Bundesland Steiermark,14
3072,Vologda,181
2964,Olt,180
2655,Borno,160
3440,Muhen,212
2469,Gagauzia,144
1080,Cuscatlan,65
3168,Kolda,192
2257,Krushevo,129
1932,Ishikawa,109
839,Pukapuka,51
1646,Heves,99
906,Sancti Spiritus,55
119,Blidah,3
292,Upper Austria,14
1084,Morazan,65
628,Ruyigi,35
1825,Catania,107
1532,Jalapa,90
1445,Kerkira,85
3611,Nukunonu,219
2706,Stavern,164
2785,National Capital District,170
1169,Pirkanmaa,74
1889,Trentino-Alto Adige,107
2137,Ogres,120
3668,Amasya,223
3662,al-Qayrawan,222
791,Guaviare,47
286,Oberosterreich,14
4112,Harare,246
1638,Baranya,99
208,Buenos Aires,10
1098,Anseba,67
2912,Carolina,177
3501,Gorno-Badakhshan,215
2777,Eastern Highlands,170
3374,al-Jazirah,207
2504,Agadir,148
3723,Mugla,223
327,Isa,17
2780,Gulf,170
1928,Hiroshima,109
849,San Jose,52
768,Xinjiang,44
2487,Dornogovi,146
536,Santa Catarina,30
1817,Bologna,107
3063,Tula,181
2306,Zomba Municipality,131
1394,Sachsen-Anhalt,82
521,Goias,30
130,Midyah,3
370,Madaripur,18
2714,Dhufar,165
4104,Eastern,245
4099,Republic of Serbia,244
1387,Nordrhein-Westfalen,82
2160,Butha-Buthe,122
1288,Rhone-Alpes,75
3865,Llanymynech,230
3308,Segovia,205
3222,Bakol,201
2382,Lib,137
567,Sofijska oblast,33
2727,Northern Areas,166
948,Kobenhavns Kommune,58
4080,Hadramaut,243
1739,Ninawa,104
2397,Le Marin,138
1236,Haute-Savoie,75
4073,Bu Jaydur,242
2441,Jalisco,142
3257,Albacete,205
10,Delhi,101
3947,Mississippi,231
756,Liaoning Sheng,44
1102,Maekel,67
1334,Banjul,80
3465,Tartus,213
980,Bahoruco,61
1971,Saint Lawrence,110
182,Kuando-Kubango,6
1046,Bani Suwayf,64
3470,as-Suwayda,213
48,Faryab,1
1419,Attiki,85
1762,Leitrim,105
4020,Amazonas,237
1285,Pyrenees-Orientales,75
2070,Kyungbuk-Do,116
405,Saint James,19
3589,Sing Buri,217
2049,Chollabuk,116
332,Manama,17
1526,Chiquimula,90
2014,Aranuka,114
3825,Coventry,230
159,al-Bayadh,3
719,Araucania,43
2844,Cordillera,173
3939,Louisiana,231
803,Sucre,47
530,Piaui,30
757,Nei Monggol,44
684,Sao Vicente,39
3671,Ardahan,223
2200,al-Jabal al Akhdar,124
1957,Tochigi,109
4005,Kaskadar,234
472,Shemgang,25
743,Guangxi,44
2635,Matagalpa,158
2513,Meknes-Tafilalet,148
2408,Qurqul,139
3140,Agua Grande,190
2411,Trarza,139
250,Baulkham Hills,13
3435,Heerbrugg,212
2474,Tighina,144
485,Tarija,26
2435,Distrito Federal,142
313,Berry Islands,16
1799,Tsafon,106
1785,Gaza,106
2990,Chita,181
3843,Essex,230
3582,Sakon Nakhon,217
1150,Western,73
3749,Dasoguz,224
1711,Ilam,103
2765,Cocle,169
2664,Jigawa,160
1689,Riau,102
859,Marahoue,53
3698,Hakkari,223
1725,Sistan-e Baluchestan,103
3028,Mordovija,181
1001,Samana,61
349,Dinajpur,18
273,Victoria,13
1436,Hios,85
2204,an-Nuqat al-Khams,124
176,Benguela,6
3560,Nong Bua Lam Phu,217
1548,Saint Andrew,91
3024,Leningrad,181
705,Bourkou-Ennedi-Tibesti,42
483,Potosi,26
2446,Nuevo Leon,142
554,Montana,33
903,Las Tunas,55
186,Lunda Norte,6
3085,Gough Island,183
551,Kardzhali,33
3774,Kharkov,228
821,Bandundu,50
3029,Moscow,181
2071,Kyunggi-Do,116
489,Central Boteti,28
3634,Bajah,222
784,Casanare,47
2488,Dundgovi,146
3457,Dar''a,213
3250,Umtentweni,202
3116,Saint Andrew,187
2293,Mulanje,131
2021,Maiana,114
382,Nawabganj,18
3728,Osmaniye,223
279,Bundesland Tirol,14
875,Koprivnica-Krizhevci,54
911,Nicosia District,56
3051,Samara,181
1130,Southern,69
2186,Gharyan,124
2187,Misratah,124
3303,Pais Vasco,205
671,Ontario,38
2035,Chagangdo,115
1449,Kozani,85
2583,Sint Eustatius,154
3184,Southern,195
2421,Riviere du Rempart,140
2541,Kayah,150
2109,Phongsaly,119
255,Caulfield,13
1479,Kangaatsiaq,86
1469,Trikala,85
1493,Carriacou-Petite Martinique,87
1733,Diyala,104
1967,Saint Brelade,110
1775,Ulster,105
2230,Vilniaus,126
2682,Yobe,160
943,Frederiksborg,58
2450,Quintana Roo,142
2384,Majuro,137
3436,Jura,212
284,Lower Austria,14
797,Norte de Santander,47
504,Ngwaketse,28
2919,San Juan,177
2958,Iasi,180
2813,Ancash,172
2442,Mexico,142
842,Tongareva,51
2300,Ntcheu,131
98,Mirdite,2
4007,Namangan,234
3316,Valladolid,205
4096,Central Serbia,244
3284,Girona,205
1790,Hebron,106
1005,Sanchez Ramirez,61
1945,Nagasaki,109
2991,Chukotka,181
1536,Quiche,90
3612,Eua,220
651,Svay Rieng,36
3081,Kibuye,182
1213,Cote-d''Or,75
344,Chandpur,18
626,Ngozi,35
883,Primorje-Gorski Kotar,54
1867,Piedmont,107
1940,Kyoto,109
627,Rutana,35
1188,Alsace,75
2698,Nord Trondelag,164
3700,Icel,223
435,Provincie Brabant,21
69,Sar-e Pul,1
4062,Tinh Da Nang,238
2158,ash-Shamal,121
3546,Lamphun,217
2750,Ghazzah,168
1913,Saint James,108
1630,Lempira,97
963,Viborg,58
687,Bangui,41
1191,Ardennes,75
3408,Kronoberg,211
2718,Wadi Kabir,165
2775,East New Britain,170
1500,Basse-Terre,88
1259,Lorraine,75
749,Hubei,44
1851,Marche,107
2642,Maradi,159
2050,Chollanam,116
2846,Eastern Visayas,173
2859,Pitcairn Island,174
1613,Ouest,95
2174,Loffa,123
3198,Jugovzhodna Slovenija,198
1499,Saint Patrick,87
2466,Chisinau,144
1139,Nor oy,72
1979,Irbid,111
3283,Gipuzkoa,205
947,Kobenhavns Amt,58
3787,Rivnens''ka,228
574,Yablaniza,33
1226,Franche-Comte,75
595,Mouhoun,34
2547,Rakhine,150
3156,Najran,191
2662,Gombe,160
402,Christ Church,19
2029,Tabiteuea South,114
3119,Saint Patrick,187
529,Pernambuco,30
3391,Hhohho,210
1572,Kindia,92
822,Bas-Congo,50
2733,Hatobohei,167
446,Atacora,23
3044,Primorje,181
1514,Mangilao,89
2890,Warsaw,175
1654,Vas,99
311,Acklins Island,16
4105,Luapala,245
711,Logone Oriental,42
1304,Upper Normandy,75
1466,Serrai,85
2500,Ulaanbaatar,146
3423,Vastra Gotaland,211
726,Maule,43
2652,Bauchi,160
1812,Basilicata,107
2180,Sinoe,123
575,Bale,34
4109,Southern,245
2704,Soer Troendelag,164
2081,gwangyoksi,116
2712,stfold,164
3209,Spodnjeposavska,198
3246,North West,202
1836,Friuli-Venezia Giulia,107
1950,Okinawa,109
216,Formosa,10
3772,Ivano-Frankivs''ka,228
9,Daman and Diu,101
2792,West New Britain,170
964,Ali Sabih,59
3166,Fatick,192
2963,Neamt,180
153,Wahran,3
3549,Mae Hong Son,217
4033,Merida,237
2290,Machinga,131
3261,Avila,205
1709,Hamadan,103
3624,Point Fortin,221
1556,Vale,91
3705,Kahramanmaras,223
49,Gawr,1
1072,al-Qalyubiyah,64
448,Borgou,23
4100,Serbia,244
487,Republika Srpska,27
3282,Cuenca,205
2996,Habarovsk,181
707,Guera,42
2509,Gharb-Chrarda-Beni Hssen,148
1738,Maysan,104
2043,Pyeonganbukto,115
1679,Kalimantan Selatan,102
1865,Pesaro-Urbino,107
3528,Bangkok,217
818,Plateaux,49
1597,Barima-Waini,94
3268,Caceres,205
378,Narayanganj,18
4051,Dong Nam Bo,238
256,Chatswood,13
3077,Gikongoro,182
987,Espaillat,61
3148,Ash Sharqiyah,191
721,Bio Bio,43
878,Medhimurje,54
3849,Glocestershire,230
2544,Mandalay,150
1494,Saint Andrew,87
1245,Indre-et-Loire,75
3056,Stavropol,181
380,Nator,18
593,Kourweogo,34
220,Mendoza,10
1826,Chieti,107
1870,Pordenone,107
1552,Saint Sampson,91
1249,Landes,75
3831,Devon,230
227,Santa Cruz,10
1216,Crolles,75
3052,Samarskaya,181
2024,Nikunau,114
4018,Torba,235
3808,Armagh,230
2088,al-Ahmadi,117
3294,Lerida,205
3882,Northumberland,230
296,Baki Sahari,15
2350,Koulikoro,134
1924,Fukuoka,109
3225,Bay,201
3609,Atafu,219
1233,Haute-Loire,75
1606,Upper Takutu-Upper Essequibo,94
1774,Tipperary South Riding,105
1854,Modena,107
152,Umm-al-Bawaghi,3
1832,Ferrara,107
3804,ash-Shariqah,229
3340,North Eastern Province,206
3344,Puttalama,206
991,La Romana,61
2425,Mayotte,141
880,Osijek-Baranja,54
2427,Aguascalientes,142
484,Santa Cruz,26
1483,Nuuk,86
3279,Comunidad Autonoma del Princip,205
79,Durres,2
4063,Tinh Gia Lai,238
901,Isla de la Juventud,55
3920,Alaska,231
1687,Nusa Tenggara Timur,102
3926,Colorado,231
1022,Azuay,63
1239,Hautes-Pyrenees,75
434,Oost-Vlaanderen,21
618,Cibitoke,35
2667,Katsina,160
3248,Parow,202
3796,Abu Zabi,229
1574,Koubia,92
3605,Kara,218
2596,South Holland,155
478,Chuquisaca,26
270,South Australia,13
1943,Miyazaki,109
3952,New Hampshire,231
3273,Ceuta,205
846,Heredia,52
1888,Trapani,107
1915,Saint Thomas,108
1439,Ioannina,85
1800,Umm El Fahem,106
2965,Prahova,180
1797,Talme Elazar,106
1343,Ajaria,81
2880,Polska,175
3654,Tatawin,222
3369,Sinnar,207
3328,Kalatura,206
522,Maranhao,30
1756,Galway,105
3550,Maha Sarakham,217
2685,Norfolk Island,162
1555,Torteval,91
3074,Butare,182
1611,Nord-Est,95
2857,Western Mindanao,173
3312,Tenerife,205
3292,Las Palmas,205
807,Vichada,47
2524,Wilaya de Casablanca,148
733,Anhui Sheng,44
1958,Tokushima,109
398,Sirajganj,18
4097,Kosovo and Metohija,244
2552,Caprivi,151
3163,ar-Riyad,191
725,Magellanes,43
1422,Dodekanisos,85
458,Saint George,24
163,at-Tarif,3
2856,Southern Tagalog,173
3229,Jubbada Hose,201
3703,Istanbul,223
923,Lipov,57
604,Sanmatenga,34
1409,Volta,83
2601,Nord,156
1508,Agat,89
447,Atlantique,23
3165,Diourbel,192
2861,Dobroszyce,175
1427,Evvoia,85
3197,Gorishka,198
2767,Darien,169
2634,Masaya,158
3713,Kirikkale,223
1089,Sonsonate,65
3674,Balikesir,223
2731,Airai,167
365,Komilla,18
2618,Tasman,157
2574,Mahakali,153
2419,Plaines Wilhelm,140
1307,Var,75
1705,Esfahan,103
4010,Sirdare,234
116,Batnah,3
2572,Koshi,153
893,Camaguey,55
765,Sichuan,44
3348,Tuscany,206
171,La Massana,5
1265,Manche,75
3735,Sirnak,223
2701,Oppland,164
3910,West Sussex,230
959,Syddanmark,58
2172,Grand Cape Mount,123
3850,Gwent,230
473,Tashigang,25
2266,Skopje,129
1914,Saint Mary,108
1320,Tuamotu,77
1794,Kiryat Yam,106
1702,Azarbayjan-e Khavari,103
537,Sao Paulo,30
8,Dadra and Nagar Haveli,101
1251,Larcay,75
2623,Atlantico Sur,158
977,Saint Paul,60
2155,al-Biqa,121
3744,Yozgat,223
188,Malanje,6
2162,Mafeteng,122
1723,Qom,103
3479,Kaohsiung Hsien,214
1096,Litoral,66
2004,Central,113
3366,Shamal Darfur,207
642,Mondol Kiri,36
142,Sidi ban-al-''Abbas,3
3439,Morbio Inferiore,212
2375,Ebon,137
2471,Orhei,144
1761,Leinster,105
1892,Udine,107
526,Para,30
3697,Gumushane,223
1373,Land Hessen,82
2555,Karas,151
3824,Cornwall,230
2468,Edinet,144
2249,Demir Hisar,129
3079,Gitarama,182
1175,Satakunta,74
3493,Taipei Hsien,214
3833,Didcot,230
1906,Kingston,108
3371,Wilayat al Khartum,207
238,Shirak,11
1779,Wicklow,105
697,Ombella Mpoko,41
2562,Oshana,151
2124,Dobeles,120
2590,Gelderland,155
1457,Nomos Attikis,85
3972,Utah,231
1961,Toyama,109
1564,Dinguiraye,92
2092,Batken,118
354,Gopalganj,18
251,Bonnet Bay,13
3813,Brechin,230
213,Corrientes,10
1515,Merizo,89
2979,Alanija,181
2224,Panevezys,126
2533,Niassa,149
3798,Dubai,229
266,New South Wales,13
717,Aisen,43
1692,Sulawesi Selatan,102
1190,Ardeche,75
411,Saint Philip,19
1351,Samche-Zhavaheti,81
795,Meta,47
2665,Kaduna,160
2605,Bay of Plenty,157
2175,Margibi,123
790,Guainia,47
2330,Gaaf Alif,133
1968,Saint Clement,110
3708,Kars,223
3387,Paramaribo,208
2554,Hardap,151
1591,Bolama,93
4106,Lusaka,245
3322,Badulla,206
3088,Christ Church Nichola Town,184
4004,Horazm,234
1531,Izabal,90
1670,Bengkulu,102
